,ts_code,trade_date,net_mf_vol,net_mf_amount
0,600406.SH,20210219,-4612,-1488.07
1,600406.SH,20210218,18592,6259.04
2,600406.SH,20210210,10709,3628.07
3,600406.SH,20210209,45204,14660.16
4,600406.SH,20210208,43426,13167.99
5,600406.SH,20210205,66683,19761.89
6,600406.SH,20210204,44287,13013.37
7,600406.SH,20210203,-2231,-641.31
8,600406.SH,20210202,13521,4119.46
9,600406.SH,20210201,-900,-245.04
10,600406.SH,20210129,-4522,-1298.23
11,600406.SH,20210128,-27236,-8148.4
12,600406.SH,20210127,16158,5003.28
13,600406.SH,20210126,-36178,-11179.84
14,600406.SH,20210125,-11672,-3571.22
15,600406.SH,20210122,6969,2158.06
16,600406.SH,20210121,-14161,-4186.35
17,600406.SH,20210120,17247,5101.96
18,600406.SH,20210119,-14043,-4085.55
19,600406.SH,20210118,-15495,-5549.9
20,600406.SH,20210115,-27264,-7348.75
21,600406.SH,20210114,18270,5189.13
22,600406.SH,20210113,-34634,-9444.34
23,600406.SH,20210112,-2087,-529.03
24,600406.SH,20210111,27886,7883.56
25,600406.SH,20210108,38856,10877.63
26,600406.SH,20210107,36344,9790.81
27,600406.SH,20210106,20768,5438.28
28,600406.SH,20210105,430,128.32
29,600406.SH,20210104,3908,1108.33
30,600406.SH,20201231,14311,3824.16
31,600406.SH,20201230,731,189.73
32,600406.SH,20201229,-6998,-1839.83
33,600406.SH,20201228,86187,23037.09
34,600406.SH,20201225,29614,7698.35
35,600406.SH,20201224,9245,2413.94
36,600406.SH,20201223,85150,21922.69
37,600406.SH,20201222,-3095,-653.58
38,600406.SH,20201221,94884,23568.18
39,600406.SH,20201218,46220,11116.41
40,600406.SH,20201217,-3276,-762.72
41,600406.SH,20201216,28440,6688.82
42,600406.SH,20201215,35629,8061.78
43,600406.SH,20201214,-4600,-996.68
44,600406.SH,20201211,-15877,-3510.25
45,600406.SH,20201210,-10553,-2351.49
46,600406.SH,20201209,-25567,-5752.59
47,600406.SH,20201208,-9554,-2145.4
48,600406.SH,20201207,-25656,-5757.18
49,600406.SH,20201204,-35543,-7967.97
50,600406.SH,20201203,-49502,-11157.12
51,600406.SH,20201202,-29654,-6797.96
52,600406.SH,20201201,-2916,-665.1
53,600406.SH,20201130,-33117,-7856.99
54,600406.SH,20201127,49308,11764.21
55,600406.SH,20201126,-35064,-8222.71
56,600406.SH,20201125,-36589,-9128.24
57,600406.SH,20201124,99764,25329.79
58,600406.SH,20201123,12427,2999.98
59,600406.SH,20201120,51655,12406.04
60,600406.SH,20201119,13442,3177.85
61,600406.SH,20201118,-18804,-4399.48
62,600406.SH,20201117,5648,1422.21
63,600406.SH,20201116,7958,1905.27
64,600406.SH,20201113,11753,2814.61
65,600406.SH,20201112,13644,3194.41
66,600406.SH,20201111,-8963,-2032.79
67,600406.SH,20201110,-28629,-6519.42
68,600406.SH,20201109,39461,9074.48
69,600406.SH,20201106,22462,5077.18
70,600406.SH,20201105,32173,7163.65
71,600406.SH,20201104,-13109,-2822.47
72,600406.SH,20201103,637,176.92
73,600406.SH,20201102,79656,17400.78
74,600406.SH,20201030,-41646,-8653.2
75,600406.SH,20201029,-1918,-388.77
76,600406.SH,20201028,-3000,-570.26
77,600406.SH,20201027,2479,516.02
78,600406.SH,20201026,7063,1452.76
79,600406.SH,20201023,-13289,-2706.99
80,600406.SH,20201022,33946,6903.02
81,600406.SH,20201021,-22290,-4491.72
82,600406.SH,20201020,23645,4869.63
83,600406.SH,20201019,-13297,-2728.13
84,600406.SH,20201016,-10841,-2232.77
85,600406.SH,20201015,-4831,-1008.36
86,600406.SH,20201014,19458,4096.74
87,600406.SH,20201013,-13720,-2826.27
88,600406.SH,20201012,38007,7782.84
89,600406.SH,20201009,7766,1561.93
90,600406.SH,20200930,-21870,-4301.5
91,600406.SH,20200929,-24583,-4838.83
92,600406.SH,20200928,9860,1962.65
93,600406.SH,20200925,22812,4464.33
94,600406.SH,20200924,-36457,-7080.87
95,600406.SH,20200923,-20306,-4006.64
96,600406.SH,20200922,-24495,-4857.15
97,600406.SH,20200921,-43493,-8827.78
98,600406.SH,20200918,-19383,-3909.92
99,600406.SH,20200917,-36449,-7377.39
100,600406.SH,20200916,-15191,-3059.91
101,600406.SH,20200915,-43438,-8732.38
102,600406.SH,20200914,-40675,-8117.74
103,600406.SH,20200911,-11936,-2361.97
104,600406.SH,20200910,5716,1168.93
105,600406.SH,20200909,1711,387.87
106,600406.SH,20200908,-29419,-6139.0
107,600406.SH,20200907,-55557,-11723.18
108,600406.SH,20200904,-71542,-15410.69
109,600406.SH,20200903,-53578,-12122.37
110,600406.SH,20200902,-160,37.15
111,600406.SH,20200901,-5613,-1262.12
112,600406.SH,20200831,-40312,-9114.75
113,600406.SH,20200828,33742,7779.53
114,600406.SH,20200827,-15674,-3517.05
115,600406.SH,20200826,-5127,-1134.47
116,600406.SH,20200825,51538,12034.73
117,600406.SH,20200824,-58,4.39
118,600406.SH,20200821,-1438,-321.31
119,600406.SH,20200820,-16458,-3688.93
120,600406.SH,20200819,30566,7020.6
121,600406.SH,20200818,23806,5316.43
122,600406.SH,20200817,51285,11207.15
123,600406.SH,20200814,1439,336.21
124,600406.SH,20200813,-21,7.02
125,600406.SH,20200812,-17897,-3672.56
126,600406.SH,20200811,-54660,-11598.91
127,600406.SH,20200810,-20368,-4406.88
128,600406.SH,20200807,7973,1766.3
129,600406.SH,20200806,-46275,-10060.17
130,600406.SH,20200805,-9339,-1950.94
131,600406.SH,20200804,-18027,-3886.03
132,600406.SH,20200803,12270,2677.17
133,600406.SH,20200731,929,207.49
134,600406.SH,20200730,1422,323.57
135,600406.SH,20200729,-12511,-2562.13
136,600406.SH,20200728,-30244,-6261.29
137,600406.SH,20200727,-52318,-10846.44
138,600406.SH,20200724,-72174,-15443.95
139,600406.SH,20200723,-40038,-8869.84
140,600406.SH,20200722,-28560,-6466.59
141,600406.SH,20200721,57493,13207.48
142,600406.SH,20200720,155235,34801.35
143,600406.SH,20200717,-11935,-2540.5
144,600406.SH,20200716,-24743,-5228.31
145,600406.SH,20200715,-12132,-2580.61
146,600406.SH,20200714,-120,109.87
147,600406.SH,20200713,-17307,-3742.54
148,600406.SH,20200710,-38148,-8278.99
149,600406.SH,20200709,-21737,-4691.42
150,600406.SH,20200708,-14285,-3066.93
151,600406.SH,20200707,-76985,-16699.33
152,600406.SH,20200706,14845,3186.24
153,600406.SH,20200703,-5966,-1221.67
154,600406.SH,20200702,15187,3129.41
155,600406.SH,20200701,-27111,-5433.98
156,600406.SH,20200630,-2588,-502.82
157,600406.SH,20200629,-42792,-8643.38
158,600406.SH,20200624,-10196,-2099.48
159,600406.SH,20200623,18767,3884.61
160,600406.SH,20200622,3696,798.85
161,600406.SH,20200619,-10179,-2054.28
162,600406.SH,20200618,37246,7525.4
163,600406.SH,20200617,-39328,-7848.71
164,600406.SH,20200616,-13658,-2731.01
165,600406.SH,20200615,17315,3491.67
166,600406.SH,20200612,150907,29704.69
167,600406.SH,20200611,69002,13281.83
168,600406.SH,20200610,22558,4301.8
169,600406.SH,20200609,-30860,-5869.26
170,600406.SH,20200608,-25447,-4810.94
171,600406.SH,20200605,-39118,-7422.2
172,600406.SH,20200604,-14818,-2836.6
173,600406.SH,20200603,-3757,-716.61
174,600406.SH,20200602,4129,806.13
175,600406.SH,20200601,24710,4697.56
176,600406.SH,20200529,-43909,-8146.98
177,600406.SH,20200528,-19040,-3544.31
178,600406.SH,20200527,-5935,-1106.44
179,600406.SH,20200526,-3172,-584.07
180,600406.SH,20200525,-3655,-661.25
181,600406.SH,20200522,-28197,-5305.13
182,600406.SH,20200521,-64387,-12303.95
183,600406.SH,20200520,-39481,-7645.65
184,600406.SH,20200519,-29999,-5808.48
185,600406.SH,20200518,-57185,-11169.08
186,600406.SH,20200515,-25056,-4978.14
187,600406.SH,20200514,-2001,-350.93
188,600406.SH,20200513,21487,4300.44
189,600406.SH,20200512,-13506,-2649.3
190,600406.SH,20200511,-25381,-5031.7
191,600406.SH,20200508,6898,1398.77
192,600406.SH,20200507,51212,10331.24
193,600406.SH,20200506,-21055,-4154.72
194,600406.SH,20200430,30124,6081.1
195,600406.SH,20200429,-20035,-3907.16
196,600406.SH,20200428,2267,482.28
197,600406.SH,20200427,5019,1022.82
198,600406.SH,20200424,-46198,-9222.74
199,600406.SH,20200423,-45043,-9342.29
200,600406.SH,20200422,7909,1707.44
201,600406.SH,20200421,-43531,-9164.71
202,600406.SH,20200420,45791,9874.03
203,600406.SH,20200417,-25226,-5294.9
204,600406.SH,20200416,44479,9497.74
205,600406.SH,20200415,-20688,-4263.64
206,600406.SH,20200414,44283,9161.74
207,600406.SH,20200413,-19782,-4004.48
208,600406.SH,20200410,4828,997.27
209,600406.SH,20200409,36366,7473.74
210,600406.SH,20200408,-325,-50.02
211,600406.SH,20200407,30302,6054.7
212,600406.SH,20200403,-7299,-1399.03
213,600406.SH,20200402,21546,4189.37
214,600406.SH,20200401,-26731,-5164.5
215,600406.SH,20200331,-24022,-4774.47
216,600406.SH,20200330,3260,685.8
217,600406.SH,20200327,13192,2677.25
218,600406.SH,20200326,-63398,-12744.45
219,600406.SH,20200325,-54050,-11127.22
220,600406.SH,20200324,32260,6716.86
221,600406.SH,20200323,67244,13618.97
222,600406.SH,20200320,-4641,-908.53
223,600406.SH,20200319,-37674,-7419.14
224,600406.SH,20200318,-12600,-2489.56
225,600406.SH,20200317,39557,8406.84
226,600406.SH,20200316,-123393,-26493.72
227,600406.SH,20200313,120694,26524.66
228,600406.SH,20200312,48855,10895.06
229,600406.SH,20200311,-26071,-5596.01
230,600406.SH,20200310,19757,4449.43
231,600406.SH,20200309,-64013,-13745.02
232,600406.SH,20200306,-17845,-3686.18
233,600406.SH,20200305,15898,3657.31
234,600406.SH,20200304,-7001,-1436.16
235,600406.SH,20200303,-25594,-5333.69
236,600406.SH,20200302,72543,15265.86
237,600406.SH,20200228,-47459,-9412.74
238,600406.SH,20200227,118122,23910.49
239,600406.SH,20200226,403,144.26
240,600406.SH,20200225,-76568,-14781.96
241,600406.SH,20200224,-12709,-2515.74
242,600406.SH,20200221,32965,6730.33
243,600406.SH,20200220,21830,4305.75
244,600406.SH,20200219,10265,2025.31
245,600406.SH,20200218,-36071,-6831.33
246,600406.SH,20200217,14164,2777.66
247,600406.SH,20200214,15825,3088.99
248,600406.SH,20200213,-1339,-234.36
249,600406.SH,20200212,15575,2961.19
250,600406.SH,20200211,-507,-72.33
251,600406.SH,20200210,67106,12351.35
252,600406.SH,20200207,-1056,-141.41
253,600406.SH,20200206,-6734,-1157.09
254,600406.SH,20200205,-79328,-13754.4
255,600406.SH,20200204,23071,3953.53
256,600406.SH,20200203,101671,16634.95
257,600406.SH,20200123,-70856,-13028.0
258,600406.SH,20200122,15686,3018.28
259,600406.SH,20200121,-59461,-11240.26
260,600406.SH,20200120,152994,29043.59
261,600406.SH,20200117,-381583,-70610.71
262,600406.SH,20200116,-108744,-22210.68
263,600406.SH,20200115,-9983,-2097.7
264,600406.SH,20200114,-11650,-2482.77
265,600406.SH,20200113,24812,5306.87
266,600406.SH,20200110,5420,1153.66
267,600406.SH,20200109,13943,3038.04
268,600406.SH,20200108,-19343,-4184.87
269,600406.SH,20200107,18268,4030.32
270,600406.SH,20200106,22656,5038.72
271,600406.SH,20200103,12168,2685.88
272,600406.SH,20200102,46915,10258.39
273,600406.SH,20191231,663,146.66
274,600406.SH,20191230,1356,309.8
275,600406.SH,20191227,3950,877.9
276,600406.SH,20191226,7756,1675.36
277,600406.SH,20191225,39035,8428.67
278,600406.SH,20191224,-17257,-3609.97
279,600406.SH,20191223,6452,1375.84
280,600406.SH,20191220,-35994,-7685.84
281,600406.SH,20191219,-15969,-3528.01
282,600406.SH,20191218,-8270,-1756.41
283,600406.SH,20191217,10142,2160.51
284,600406.SH,20191216,28580,6013.02
285,600406.SH,20191213,39211,8121.04
286,600406.SH,20191212,-43545,-8829.28
287,600406.SH,20191211,-7249,-1438.69
288,600406.SH,20191210,-20857,-4284.38
289,600406.SH,20191209,-22289,-4610.46
290,600406.SH,20191206,-22614,-4649.06
291,600406.SH,20191205,-28856,-5857.32
292,600406.SH,20191204,-86139,-17972.22
293,600406.SH,20191203,-24274,-5439.09
294,600406.SH,20191202,5757,1392.95
295,600406.SH,20191129,-7160,-1642.72
296,600406.SH,20191128,3870,905.46
297,600406.SH,20191127,156,45.65
298,600406.SH,20191126,-2130,-489.06
299,600406.SH,20191125,15545,3683.98
300,600406.SH,20191122,4297,1060.65
301,600406.SH,20191121,34463,8233.77
302,600406.SH,20191120,8657,2082.04
303,600406.SH,20191119,-4818,-1139.76
304,600406.SH,20191118,7788,1908.89
305,600406.SH,20191115,41506,9918.89
306,600406.SH,20191114,78145,18398.52
307,600406.SH,20191113,9176,2090.01
308,600406.SH,20191112,45488,10410.45
309,600406.SH,20191111,28209,6436.96
310,600406.SH,20191108,702,175.48
311,600406.SH,20191107,13972,3161.82
312,600406.SH,20191106,-6767,-1491.09
313,600406.SH,20191105,-3715,-826.63
314,600406.SH,20191104,-35328,-7902.9
315,600406.SH,20191101,-2034,-433.26
316,600406.SH,20191031,-2843,-598.72
317,600406.SH,20191030,7884,1717.07
318,600406.SH,20191029,2042,438.71
319,600406.SH,20191028,-9443,-1902.57
320,600406.SH,20191025,2268,498.3
321,600406.SH,20191024,-7398,-1556.19
322,600406.SH,20191023,-13904,-2955.88
323,600406.SH,20191022,-12144,-2592.46
324,600406.SH,20191021,-538,-102.59
325,600406.SH,20191018,-14084,-3055.69
326,600406.SH,20191017,-4337,-941.02
327,600406.SH,20191016,8350,1860.64
328,600406.SH,20191015,-15489,-3395.11
329,600406.SH,20191014,39034,8803.47
330,600406.SH,20191011,12044,2627.8
331,600406.SH,20191010,29054,6289.1
332,600406.SH,20191009,41507,8768.73
333,600406.SH,20191008,28140,5822.81
334,600406.SH,20190930,-2667,-536.55
335,600406.SH,20190927,-4360,-877.24
336,600406.SH,20190926,-7044,-1454.11
337,600406.SH,20190925,-4501,-897.78
338,600406.SH,20190924,109051,23261.06
339,600406.SH,20190923,57790,11899.58
340,600406.SH,20190920,45349,9274.64
341,600406.SH,20190919,-10737,-2104.6
342,600406.SH,20190918,15331,3083.69
343,600406.SH,20190917,-22827,-4474.52
344,600406.SH,20190916,-13003,-2573.07
345,600406.SH,20190912,-4203,-815.09
346,600406.SH,20190911,8620,1754.41
347,600406.SH,20190910,13432,2734.61
348,600406.SH,20190909,9994,2066.75
349,600406.SH,20190906,92453,18461.85
350,600406.SH,20190905,60275,11845.27
351,600406.SH,20190904,70957,13555.56
352,600406.SH,20190903,44887,8270.1
353,600406.SH,20190902,52322,9292.48
354,600406.SH,20190830,-6816,-1177.08
355,600406.SH,20190829,-12128,-2099.35
356,600406.SH,20190828,-6220,-1073.53
357,600406.SH,20190827,36094,6312.92
358,600406.SH,20190826,-10386,-1779.57
359,600406.SH,20190823,-28415,-4954.56
360,600406.SH,20190822,-7430,-1306.29
361,600406.SH,20190821,-26238,-4673.19
362,600406.SH,20190820,-1326,-235.92
363,600406.SH,20190819,14064,2559.42
364,600406.SH,20190816,-20172,-3597.5
365,600406.SH,20190815,-2438,-431.74
366,600406.SH,20190814,-10432,-1876.62
367,600406.SH,20190813,8201,1466.58
368,600406.SH,20190812,2420,433.6
369,600406.SH,20190809,-13678,-2410.83
370,600406.SH,20190808,-4171,-734.92
371,600406.SH,20190807,3815,689.92
372,600406.SH,20190806,98,26.71
373,600406.SH,20190805,-20952,-3771.41
374,600406.SH,20190802,-11528,-2107.4
375,600406.SH,20190801,-5658,-1052.25
376,600406.SH,20190731,6335,1202.58
377,600406.SH,20190730,-3667,-682.6
378,600406.SH,20190729,17486,3316.09
379,600406.SH,20190726,-14189,-2655.01
380,600406.SH,20190725,13222,2492.08
381,600406.SH,20190724,62141,11626.4
382,600406.SH,20190723,40545,7344.47
383,600406.SH,20190722,3487,662.1
384,600406.SH,20190719,-8167,-1466.48
385,600406.SH,20190718,-17846,-3224.6
386,600406.SH,20190717,-16885,-3091.7
387,600406.SH,20190716,-9814,-1804.61
388,600406.SH,20190715,5234,978.81
389,600406.SH,20190712,8725,1628.22
390,600406.SH,20190711,-3315,-609.45
391,600406.SH,20190710,31358,5885.97
392,600406.SH,20190709,-17038,-3117.6
393,600406.SH,20190708,-19045,-3542.32
394,600406.SH,20190705,-11351,-2154.0
395,600406.SH,20190704,-4962,-941.19
396,600406.SH,20190703,15961,3042.78
397,600406.SH,20190702,-13087,-2464.96
398,600406.SH,20190701,-2934,-539.2
399,600406.SH,20190628,-5021,-925.79
400,600406.SH,20190627,8367,1585.24
401,600406.SH,20190626,13700,2574.98
402,600406.SH,20190625,-6840,-1274.43
403,600406.SH,20190624,1322,270.57
404,600406.SH,20190621,13765,2601.53
405,600406.SH,20190620,52104,9586.14
406,600406.SH,20190619,35710,6474.69
407,600406.SH,20190618,2979,529.23
408,600406.SH,20190617,-14386,-2525.74
409,600406.SH,20190614,-14196,-2489.49
410,600406.SH,20190613,-19383,-3444.52
411,600406.SH,20190612,-24153,-4310.05
412,600406.SH,20190611,44514,7931.09
413,600406.SH,20190610,616,114.94
414,600406.SH,20190606,-10411,-1788.12
415,600406.SH,20190605,8592,1502.08
416,600406.SH,20190604,-17325,-2943.91
417,600406.SH,20190603,-77567,-13710.19
418,600406.SH,20190531,-16549,-3022.33
419,600406.SH,20190530,-64944,-12110.57
420,600406.SH,20190529,-19910,-3833.31
421,600406.SH,20190528,23148,4517.48
422,600406.SH,20190527,-11247,-2108.69
423,600406.SH,20190524,-3599,-667.04
424,600406.SH,20190523,167,85.6
425,600406.SH,20190522,22945,4393.57
426,600406.SH,20190521,-11191,-2113.49
427,600406.SH,20190520,-5735,-1057.64
428,600406.SH,20190517,-18154,-3479.94
429,600406.SH,20190516,34607,6790.63
430,600406.SH,20190515,1464,336.43
431,600406.SH,20190514,-9605,-1756.94
432,600406.SH,20190513,-69902,-12910.98
433,600406.SH,20190510,8550,1628.53
434,600406.SH,20190509,6699,1253.19
435,600406.SH,20190508,-25912,-4783.91
436,600406.SH,20190507,-16003,-3001.4
437,600406.SH,20190506,-25545,-4855.07
438,600406.SH,20190430,16721,3364.91
439,600406.SH,20190429,23743,4763.54
440,600406.SH,20190426,-92104,-18796.61
441,600406.SH,20190425,55778,12086.72
442,600406.SH,20190424,-14754,-3035.98
443,600406.SH,20190423,32664,7056.8
444,600406.SH,20190422,-38466,-8177.7
445,600406.SH,20190419,-789,-123.55
446,600406.SH,20190418,-28473,-6089.09
447,600406.SH,20190417,6940,1564.12
448,600406.SH,20190416,-34117,-7090.18
449,600406.SH,20190415,-53931,-11613.55
450,600406.SH,20190412,77144,16814.43
451,600406.SH,20190411,85611,18524.33
452,600406.SH,20190410,-39923,-8286.31
453,600406.SH,20190409,-19058,-3907.7
454,600406.SH,20190408,-49542,-10417.68
455,600406.SH,20190404,-1300,-233.36
456,600406.SH,20190403,-51349,-10668.66
457,600406.SH,20190402,-16384,-3528.09
458,600406.SH,20190401,40485,8759.52
459,600406.SH,20190329,30237,6368.67
460,600406.SH,20190328,-27765,-5755.48
461,600406.SH,20190327,-11908,-2485.55
462,600406.SH,20190326,-15874,-3317.95
463,600406.SH,20190325,-64323,-13603.02
464,600406.SH,20190322,-48446,-10460.27
465,600406.SH,20190321,14885,3387.47
466,600406.SH,20190320,-18471,-3998.01
467,600406.SH,20190319,51763,11616.47
468,600406.SH,20190318,70966,15649.54
469,600406.SH,20190315,47934,10456.7
470,600406.SH,20190314,-150833,-32443.86
471,600406.SH,20190313,11096,4038.38
472,600406.SH,20190312,-230520,-52812.18
473,600406.SH,20190311,-301873,-62880.14
474,600406.SH,20190308,57615,11004.8
475,600406.SH,20190307,-53526,-10053.05
476,600406.SH,20190306,-53518,-10125.77
477,600406.SH,20190305,-26864,-5091.36
478,600406.SH,20190304,-14664,-2761.06
479,600406.SH,20190301,1924,378.78
480,600406.SH,20190228,-11394,-2081.07
481,600406.SH,20190227,-186663,-35109.84
482,600406.SH,20190226,-93310,-18245.42
483,600406.SH,20190225,-1480,-154.83
484,600406.SH,20190222,14912,2920.65
485,600406.SH,20190221,-23813,-4567.87
486,600406.SH,20190220,-75495,-14574.29
487,600406.SH,20190219,-70279,-13910.63
488,600406.SH,20190218,27516,5566.94
489,600406.SH,20190215,4232,887.76
490,600406.SH,20190214,-8464,-1603.34
491,600406.SH,20190213,-17111,-3293.92
492,600406.SH,20190212,-49715,-9719.88
493,600406.SH,20190211,-34495,-6786.17
494,600406.SH,20190201,32153,6291.87
495,600406.SH,20190131,2189,433.15
496,600406.SH,20190130,-25820,-4992.33
497,600406.SH,20190129,1739,359.0
498,600406.SH,20190128,24733,4903.69
499,600406.SH,20190125,10721,2117.02
500,600406.SH,20190124,14828,2904.48
501,600406.SH,20190123,26351,5167.54
502,600406.SH,20190122,-29356,-5625.53
503,600406.SH,20190121,-19346,-3753.28
504,600406.SH,20190118,27995,5404.51
505,600406.SH,20190117,10770,2081.54
506,600406.SH,20190116,-40259,-7685.66
507,600406.SH,20190115,23921,4604.7
508,600406.SH,20190114,-36101,-6830.9
509,600406.SH,20190111,-17547,-3333.15
510,600406.SH,20190110,9845,1913.94
511,600406.SH,20190109,-15954,-3040.79
512,600406.SH,20190108,-25894,-4950.95
513,600406.SH,20190107,75309,14525.39
514,600406.SH,20190104,33799,6247.03
515,600406.SH,20190103,2859,533.46
516,600406.SH,20190102,-21677,-3894.13
517,600406.SH,20181228,17770,3256.09
518,600406.SH,20181227,-15800,-2884.02
519,600406.SH,20181226,22981,4311.01
520,600406.SH,20181225,-2542,-445.1
521,600406.SH,20181224,12629,2320.96
522,600406.SH,20181221,10005,1846.67
523,600406.SH,20181220,8868,1662.46
524,600406.SH,20181219,-4218,-718.17
525,600406.SH,20181218,14225,2695.59
526,600406.SH,20181217,12200,2307.23
527,600406.SH,20181214,39873,7578.24
528,600406.SH,20181213,15674,2980.52
529,600406.SH,20181212,-50613,-9443.83
530,600406.SH,20181211,-13168,-2450.99
531,600406.SH,20181210,61134,11427.82
532,600406.SH,20181207,16613,3056.24
533,600406.SH,20181206,17402,3228.46
534,600406.SH,20181205,26857,4875.39
535,600406.SH,20181204,3956,714.78
536,600406.SH,20181203,28587,5136.46
537,600406.SH,20181130,32626,5667.55
538,600406.SH,20181129,28507,4997.72
539,600406.SH,20181128,22534,3903.69
540,600406.SH,20181127,4619,807.55
541,600406.SH,20181126,4781,843.07
542,600406.SH,20181123,1326,267.65
543,600406.SH,20181122,-4670,-812.18
544,600406.SH,20181121,-11146,-1954.57
545,600406.SH,20181120,-3224,-558.38
546,600406.SH,20181119,5962,1087.55
547,600406.SH,20181116,16451,3008.07
548,600406.SH,20181115,-13760,-2451.48
549,600406.SH,20181114,17026,3071.07
550,600406.SH,20181113,-21843,-3876.82
551,600406.SH,20181112,28401,5041.53
552,600406.SH,20181109,55,15.41
553,600406.SH,20181108,-14816,-2583.89
554,600406.SH,20181107,-11706,-2058.55
555,600406.SH,20181106,-10706,-1872.07
556,600406.SH,20181105,-31233,-5534.34
557,600406.SH,20181102,47180,8492.46
558,600406.SH,20181101,7173,1323.28
559,600406.SH,20181031,3226,602.87
560,600406.SH,20181030,10032,1771.98
561,600406.SH,20181029,-15908,-2730.13
562,600406.SH,20181026,-8353,-1434.78
563,600406.SH,20181025,39712,7031.86
564,600406.SH,20181024,27025,4789.04
565,600406.SH,20181023,14315,2508.92
566,600406.SH,20181022,14750,2584.62
567,600406.SH,20181019,28634,4905.77
568,600406.SH,20181018,-8703,-1429.3
569,600406.SH,20181017,29771,5022.02
570,600406.SH,20181016,-7994,-1292.43
571,600406.SH,20181015,-21627,-3613.48
572,600406.SH,20181012,19270,3179.15
573,600406.SH,20181011,-35106,-5704.08
574,600406.SH,20181010,-172,-2.36
575,600406.SH,20181009,-2017,-321.01
576,600406.SH,20181008,-7829,-1339.3
577,600406.SH,20180928,-3483,-572.7
578,600406.SH,20180927,3265,582.66
579,600406.SH,20180926,15306,2719.0
580,600406.SH,20180925,2771,492.11
581,600406.SH,20180921,7456,1313.44
582,600406.SH,20180920,-4829,-814.4
583,600406.SH,20180919,927,193.96
584,600406.SH,20180918,81150,13899.96
585,600406.SH,20180917,8212,1376.29
586,600406.SH,20180914,3572,616.25
587,600406.SH,20180913,13543,2241.52
588,600406.SH,20180912,-5500,-879.14
589,600406.SH,20180911,-24076,-3924.18
590,600406.SH,20180910,-34377,-5723.78
591,600406.SH,20180907,9790,1558.04
592,600406.SH,20180906,-18787,-2956.8
593,600406.SH,20180905,-4391,-696.44
594,600406.SH,20180904,8361,1359.12
595,600406.SH,20180903,-6174,-971.73
596,600406.SH,20180831,352,80.09
597,600406.SH,20180830,8803,1435.49
598,600406.SH,20180829,37012,5974.63
599,600406.SH,20180828,22472,3542.2
600,600406.SH,20180827,-19371,-2874.46
601,600406.SH,20180824,-13122,-1948.64
602,600406.SH,20180823,-1402,-205.6
603,600406.SH,20180822,-3839,-577.58
604,600406.SH,20180821,-1575,-237.92
605,600406.SH,20180820,6276,955.36
606,600406.SH,20180817,2965,465.75
607,600406.SH,20180816,2479,386.57
608,600406.SH,20180815,-5409,-826.89
609,600406.SH,20180814,-7150,-1092.61
610,600406.SH,20180813,-23604,-3615.88
611,600406.SH,20180810,2494,396.92
612,600406.SH,20180809,17698,2761.88
613,600406.SH,20180808,20943,3232.36
614,600406.SH,20180807,1944,293.7
615,600406.SH,20180806,3532,534.68
616,600406.SH,20180803,23580,3650.89
617,600406.SH,20180802,-7936,-1179.15
618,600406.SH,20180801,-31106,-4849.71
619,600406.SH,20180731,-7138,-1110.54
620,600406.SH,20180730,4516,742.59
621,600406.SH,20180727,-8574,-1353.41
622,600406.SH,20180726,-1807,-275.96
623,600406.SH,20180725,-5412,-859.74
624,600406.SH,20180724,29017,4651.17
625,600406.SH,20180723,11173,1749.11
626,600406.SH,20180720,14760,2269.7
627,600406.SH,20180719,-9299,-1415.94
628,600406.SH,20180718,-3615,-554.12
629,600406.SH,20180717,-5501,-844.77
630,600406.SH,20180716,-5353,-831.96
631,600406.SH,20180713,22943,3586.56
632,600406.SH,20180712,14928,2310.27
633,600406.SH,20180711,2330,354.61
634,600406.SH,20180710,10616,1621.27
635,600406.SH,20180709,-1313,-190.83
636,600406.SH,20180706,1587,248.84
637,600406.SH,20180705,18293,2675.67
638,600406.SH,20180704,-43270,-6438.1
639,600406.SH,20180703,7093,1114.32
640,600406.SH,20180702,-12667,-1969.98
641,600406.SH,20180629,16039,2524.62
642,600406.SH,20180628,1239,204.75
643,600406.SH,20180627,-12591,-1963.61
644,600406.SH,20180626,-7580,-1196.73
645,600406.SH,20180625,-13783,-2235.89
646,600406.SH,20180622,-21751,-3540.01
647,600406.SH,20180621,-11544,-1912.57
648,600406.SH,20180620,-28133,-4702.86
649,600406.SH,20180619,-85983,-14631.47
650,600406.SH,20180615,-11365,-1906.95
651,600406.SH,20180614,-1547,-258.5
652,600406.SH,20180613,-11350,-1925.11
653,600406.SH,20180612,2695,467.94
654,600406.SH,20180611,-143,-16.15
655,600406.SH,20180608,13993,2410.71
656,600406.SH,20180607,15994,2773.66
657,600406.SH,20180606,11424,1959.87
658,600406.SH,20180605,11514,1946.3
659,600406.SH,20180604,-16637,-2723.2
660,600406.SH,20180601,-38253,-6369.95
661,600406.SH,20180531,7637,1312.17
662,600406.SH,20180530,-17691,-2988.2
663,600406.SH,20180529,-5725,-972.39
664,600406.SH,20180528,-12235,-2097.03
665,600406.SH,20180525,-3266,-556.99
666,600406.SH,20180524,-34418,-6019.0
667,600406.SH,20180523,-5418,-945.88
668,600406.SH,20180522,-55940,-9971.07
669,600406.SH,20180521,4012,751.25
670,600406.SH,20180518,-2014,-353.89
671,600406.SH,20180517,-3932,-692.15
672,600406.SH,20180516,21128,3895.71
673,600406.SH,20180515,-20018,-3607.82
674,600406.SH,20180514,17700,3269.03
675,600406.SH,20180511,-17334,-3195.7
676,600406.SH,20180510,27189,5120.42
677,600406.SH,20180509,25404,4706.34
678,600406.SH,20180508,454,99.0
679,600406.SH,20180507,17581,3249.18
680,600406.SH,20180504,23484,4292.19
681,600406.SH,20180503,54903,9840.8
682,600406.SH,20180502,69982,12318.88
683,600406.SH,20180427,-4519,-747.33
684,600406.SH,20180426,-12739,-2172.7
685,600406.SH,20180425,6694,1170.67
686,600406.SH,20180424,65819,11295.82
687,600406.SH,20180423,17386,2953.44
688,600406.SH,20180420,22016,3738.7
689,600406.SH,20180419,18164,3084.28
690,600406.SH,20180418,-6595,-1068.19
691,600406.SH,20180417,-17874,-2989.1
692,600406.SH,20180416,-16354,-2761.12
693,600406.SH,20180413,25241,4418.01
694,600406.SH,20180412,31622,5386.2
695,600406.SH,20180411,13025,2178.98
696,600406.SH,20180410,10461,1736.49
697,600406.SH,20180409,-45547,-7458.22
698,600406.SH,20180404,-23373,-3919.44
699,600406.SH,20180403,30325,5150.29
700,600406.SH,20180402,-19016,-3177.94
701,600406.SH,20180330,-3012,-481.1
702,600406.SH,20180329,-16613,-2748.26
703,600406.SH,20180328,-30494,-5106.49
704,600406.SH,20180327,-22073,-3724.19
705,600406.SH,20180326,-4779,-777.02
706,600406.SH,20180323,-100580,-16571.44
707,600406.SH,20180322,-51188,-8475.26
708,600406.SH,20180321,1072,209.59
709,600406.SH,20180320,3189,581.71
710,600406.SH,20180319,-9980,-1647.89
711,600406.SH,20180316,2183,375.74
712,600406.SH,20180315,-19408,-3231.22
713,600406.SH,20180314,-20971,-3552.93
714,600406.SH,20180313,-18508,-3158.54
715,600406.SH,20180312,24640,4250.08
716,600406.SH,20180309,17930,3022.94
717,600406.SH,20180308,-1925,-308.73
718,600406.SH,20180307,-5620,-920.33
719,600406.SH,20180306,-20495,-3358.68
720,600406.SH,20180305,-10015,-1619.52
721,600406.SH,20180302,-17678,-2905.13
722,600406.SH,20180301,-4933,-774.35
723,600406.SH,20180228,-73826,-11968.22
724,600406.SH,20180227,-88367,-14420.05
725,600406.SH,20180226,20125,3331.23
726,600406.SH,20180223,12343,2006.4
727,600406.SH,20180222,22908,3700.93
728,600406.SH,20180214,17399,2751.39
729,600406.SH,20180213,-28899,-4509.01
730,600406.SH,20180212,13486,2126.92
731,600406.SH,20180209,-117573,-18063.6
732,600406.SH,20180208,-19631,-3176.06
733,600406.SH,20180207,-54701,-8833.25
734,600406.SH,20180206,-48540,-7774.29
735,600406.SH,20180205,-65878,-10880.54
736,600406.SH,20180202,-16132,-2672.2
737,600406.SH,20180201,-22100,-3672.42
738,600406.SH,20180131,-51405,-8579.14
739,600406.SH,20180130,13958,2517.11
740,600406.SH,20180129,-1374,-221.03
741,600406.SH,20180126,-25542,-4535.08
742,600406.SH,20180125,367,90.16
743,600406.SH,20180124,6573,1192.81
744,600406.SH,20180123,7416,1336.35
745,600406.SH,20180122,-13086,-2283.86
746,600406.SH,20180119,59020,10382.63
747,600406.SH,20180118,22419,3858.85
748,600406.SH,20180117,-16844,-2816.13
749,600406.SH,20180116,-30066,-4922.77
750,600406.SH,20180115,-122875,-20550.76
751,600406.SH,20180112,-120094,-21234.09
752,600406.SH,20180111,16576,3021.75
753,600406.SH,20180110,-59013,-10520.48
754,600406.SH,20180109,-56332,-10035.52
755,600406.SH,20180108,-45681,-8152.64
756,600406.SH,20180105,-101418,-18418.2
757,600406.SH,20180104,-54505,-10070.72
758,600406.SH,20180103,-7976,-1395.18
759,600406.SH,20180102,-15005,-2713.74
760,600406.SH,20171229,21371,3904.28
761,600406.SH,20171228,10072,1824.91
762,600406.SH,20171227,-38075,-6787.41
763,600406.SH,20171226,5737,1088.99
764,600406.SH,20171225,-89264,-16208.49
765,600406.SH,20171222,109,79.06
766,600406.SH,20171221,82848,15480.96
767,600406.SH,20171220,-13052,-2377.02
768,600406.SH,20171219,5243,996.57
769,600406.SH,20171218,-32313,-5853.66
770,600406.SH,20171215,3165,627.54
771,600406.SH,20171214,-109343,-20643.6
772,600406.SH,20171213,68060,13130.46
773,600406.SH,20171212,-26974,-5114.98
774,600406.SH,20171211,56747,10844.82
775,600406.SH,20171208,-25441,-4700.49
776,600406.SH,20171207,-55020,-10426.54
777,600406.SH,20171206,-24213,-4565.43
778,600406.SH,20171205,10841,2120.4
779,600406.SH,20171204,-13555,-2531.78
780,600406.SH,20171201,3987,798.59
781,600406.SH,20171130,-64636,-12150.14
782,600406.SH,20171129,-118623,-22827.0
783,600406.SH,20171128,-29913,-5822.98
784,600406.SH,20171127,-19573,-3812.94
785,600406.SH,20171124,-4027,-770.03
786,600406.SH,20171123,-110803,-22088.26
787,600406.SH,20171122,-61069,-12541.86
788,600406.SH,20171121,-18849,-3822.44
789,600406.SH,20171120,31194,6699.76
790,600406.SH,20171117,-27855,-5574.73
791,600406.SH,20171116,96826,19465.53
792,600406.SH,20171115,-161629,-31793.37
793,600406.SH,20171114,-53863,-10701.97
794,600406.SH,20171113,-78851,-15881.06
795,600406.SH,20171110,269520,54218.36
796,600406.SH,20171109,204373,37251.3
797,600406.SH,20171108,-51580,-9000.79
798,600406.SH,20171107,-80092,-14098.01
799,600406.SH,20171106,12066,2239.2
800,600406.SH,20171103,193,84.01
801,600406.SH,20171102,-21894,-3791.72
802,600406.SH,20171101,21919,3898.12
803,600406.SH,20171031,-2511,-402.72
804,600406.SH,20171030,29792,5073.32
805,600406.SH,20171027,-82552,-13688.52
806,600406.SH,20171026,-75035,-12618.03
807,600406.SH,20171018,62289,10589.45
808,600406.SH,20171017,14580,2473.89
809,600406.SH,20171016,43553,7326.36
810,600406.SH,20171013,-5301,-873.31
811,600406.SH,20171012,-12741,-2107.14
812,600406.SH,20171011,20531,3455.65
813,600406.SH,20171010,-6934,-1093.66
814,600406.SH,20171009,28152,4756.41
815,600406.SH,20170929,29011,4810.93
816,600406.SH,20170928,7258,1209.88
817,600406.SH,20170927,34870,5733.06
818,600406.SH,20170926,8921,1463.03
819,600406.SH,20170925,7830,1327.75
820,600406.SH,20170922,16676,2734.63
821,600406.SH,20170921,43108,7018.22
822,600406.SH,20170920,-32782,-5263.39
823,600406.SH,20170919,-91829,-14835.83
824,600406.SH,20170918,-45890,-7441.84
825,600406.SH,20170915,-18402,-2957.69
826,600406.SH,20170914,-92356,-15014.44
827,600406.SH,20170913,-54133,-8892.72
828,600406.SH,20170912,39240,6646.25
829,600406.SH,20170911,-47855,-7844.9
830,600406.SH,20170908,2410,408.51
831,600406.SH,20170907,-1965,-289.64
832,600406.SH,20170906,-63573,-10291.8
833,600406.SH,20170905,-106012,-17435.34
834,600406.SH,20170904,-68655,-11341.97
835,600406.SH,20170901,-23050,-3849.46
836,600406.SH,20170831,25169,4271.55
837,600406.SH,20170830,-30228,-5048.65
838,600406.SH,20170829,-53848,-9023.37
839,600406.SH,20170828,-10955,-1836.5
840,600406.SH,20170825,-33874,-5709.27
841,600406.SH,20170824,-57253,-9652.07
842,600406.SH,20170823,-58902,-10096.12
843,600406.SH,20170822,19439,3423.01
844,600406.SH,20170821,-62328,-10831.29
845,600406.SH,20170818,52961,9156.53
846,600406.SH,20170817,9588,1652.52
847,600406.SH,20170816,-17409,-2911.7
848,600406.SH,20170815,-40808,-6875.74
849,600406.SH,20170814,27858,4736.79
850,600406.SH,20170811,-2375,-371.8
851,600406.SH,20170810,-18725,-3086.65
852,600406.SH,20170809,53623,9014.95
853,600406.SH,20170808,-29729,-4906.09
854,600406.SH,20170807,-7358,-1206.5
855,600406.SH,20170804,-50244,-8357.39
856,600406.SH,20170803,-78448,-13194.9
857,600406.SH,20170802,-51026,-8705.54
858,600406.SH,20170801,-53517,-9258.37
859,600406.SH,20170731,-77656,-13565.81
860,600406.SH,20170728,24834,4343.04
861,600406.SH,20170727,-21646,-3668.41
862,600406.SH,20170726,-22300,-3765.26
863,600406.SH,20170725,-49611,-8538.78
864,600406.SH,20170724,-8459,-1436.32
865,600406.SH,20170721,-43247,-7582.42
866,600406.SH,20170720,6085,1121.96
867,600406.SH,20170719,-2221,-377.37
868,600406.SH,20170718,-21835,-3610.6
869,600406.SH,20170717,-10287,-1672.02
870,600406.SH,20170714,-6799,-1156.07
871,600406.SH,20170713,583,106.61
872,600406.SH,20170712,-90497,-15347.97
873,600406.SH,20170711,-42873,-7518.89
874,600406.SH,20170710,-90275,-16078.3
875,600406.SH,20170707,18772,3521.81
876,600406.SH,20170706,-49003,-8813.28
877,600406.SH,20170705,71898,12962.48
878,600406.SH,20170704,-13212,-2245.16
879,600406.SH,20170703,-55353,-9718.14
880,600406.SH,20170630,89093,15639.49
881,600406.SH,20170629,-45806,-7867.94
882,600406.SH,20170628,4640,845.51
883,600406.SH,20170627,-16788,-2822.08
884,600406.SH,20170626,159284,27459.2
885,600406.SH,20170623,-28320,-4621.67
886,600406.SH,20170622,-5598,-827.31
887,600406.SH,20170621,-812,-44.24
888,600406.SH,20170620,-98203,-16764.91
889,600406.SH,20170619,-11836,-1995.97
890,600406.SH,20170616,-43443,-7382.36
891,600406.SH,20170615,-142017,-24689.91
892,600406.SH,20170614,-57223,-10165.7
893,600406.SH,20170613,-81167,-14514.69
894,600406.SH,20170612,-101543,-18243.92
895,600406.SH,20170609,51883,8244.2
896,600406.SH,20170608,-135325,-23094.34
