Unnamed: 0,ts_code,trade_date,pe,pe_ttm,pb,total_mv
0,000876.SZ,20210305,20.1003,19.1854,2.7965,10134586.5688
1,000876.SZ,20210304,21.0745,15.0614,2.9321,10625769.2882
2,000876.SZ,20210303,21.8431,15.6107,3.039,11013307.9476
3,000876.SZ,20210302,21.4678,15.3424,2.9868,10824044.8814
4,000876.SZ,20210301,21.9683,15.7001,3.0564,11076395.6363
5,000876.SZ,20210226,21.5124,15.3743,2.993,10846576.1988
6,000876.SZ,20210225,22.0308,15.7448,3.0651,11107939.4807
7,000876.SZ,20210224,22.7637,16.2686,3.1671,11477453.0861
8,000876.SZ,20210223,23.1569,16.5496,3.2218,11675728.6793
9,000876.SZ,20210222,24.3992,17.4374,3.3946,12302099.3031
10,000876.SZ,20210219,22.9424,16.3963,3.192,11567578.3557
11,000876.SZ,20210218,20.86,14.9081,2.9022,10517618.9647
12,000876.SZ,20210210,21.3069,15.2274,2.9644,10742932.1387
13,000876.SZ,20210209,21.4141,15.3041,2.9793,10797007.3005
14,000876.SZ,20210208,22.0755,15.7767,3.0713,11130470.7981
15,000876.SZ,20210205,20.9851,14.9975,2.9196,10580706.6534
16,000876.SZ,20210204,20.9583,14.9783,2.9159,10567187.8629
17,000876.SZ,20210203,20.9845,14.997,2.9198,10580397.8914
18,000876.SZ,20210202,19.7959,14.1475,2.7544,9981082.3379
19,000876.SZ,20210201,20.35,14.5436,2.8315,10260462.5207
20,000876.SZ,20210129,18.9022,13.5088,2.63,9530469.1398
21,000876.SZ,20210128,19.6886,14.0709,2.7394,9927008.7541
22,000876.SZ,20210127,20.5913,14.716,2.865,10382128.0842
23,000876.SZ,20210126,20.3321,14.5308,2.829,10251450.2568
24,000876.SZ,20210125,19.0797,13.6357,2.6551,9619991.8444
25,000876.SZ,20210122,19.4729,13.9167,2.7099,9818249.2876
26,000876.SZ,20210121,19.9198,14.2361,2.772,10043541.8366
27,000876.SZ,20210120,19.6248,14.0253,2.731,9894848.7543
28,000876.SZ,20210119,19.8393,14.1786,2.7608,10002989.1778
29,000876.SZ,20210118,20.5364,14.6768,2.8578,10354445.5543
30,000876.SZ,20210115,20.2772,14.4916,2.8218,10223775.8759
31,000876.SZ,20210114,20.8492,14.9003,2.9014,10512150.3387
32,000876.SZ,20210113,20.9922,15.0025,2.9213,10584243.9544
33,000876.SZ,20210112,21.3675,15.2707,2.9735,10773489.6956
34,000876.SZ,20210111,21.0458,15.0408,2.9287,10611279.0603
35,000876.SZ,20210108,21.9303,15.6729,3.0519,11057235.6074
36,000876.SZ,20210107,22.9848,16.4266,3.1986,11588920.1231
37,000876.SZ,20210106,22.9848,16.4266,3.1986,11588920.1231
38,000876.SZ,20210105,23.6371,16.8928,3.2894,11917843.5947
39,000876.SZ,20210104,22.0164,15.7345,3.065,11100674.9293
40,000876.SZ,20201231,20.0149,14.3041,2.7863,10091522.663
41,000876.SZ,20201230,19.8809,14.2083,2.7677,10023945.5024
42,000876.SZ,20201229,20.0328,14.3169,2.7888,10100532.9511
43,000876.SZ,20201228,19.8809,14.2083,2.7677,10023945.5024
44,000876.SZ,20201225,18.5763,13.276,2.5861,9366194.4716
45,000876.SZ,20201224,19.041,13.608,2.6508,9600461.962
46,000876.SZ,20201223,19.2822,13.7805,2.6843,9722100.8513
47,000876.SZ,20201222,19.595,14.004,2.7279,9879780.8929
48,000876.SZ,20201221,20.4349,14.6042,2.8448,10303264.4332
49,000876.SZ,20201218,20.3455,14.5404,2.8324,10258212.9927
50,000876.SZ,20201217,20.417,14.5915,2.8423,10294254.1451
51,000876.SZ,20201216,20.2383,14.4637,2.8174,10204151.2642
52,000876.SZ,20201215,20.6404,14.7511,2.8734,10406882.7463
53,000876.SZ,20201214,20.9889,15.0001,2.9219,10582583.3641
54,000876.SZ,20201211,20.9621,14.981,2.9182,10569067.9319
55,000876.SZ,20201210,21.8556,15.6196,3.0426,11019582.3365
56,000876.SZ,20201209,22.8206,16.3092,3.1769,11506137.8935
57,000876.SZ,20201208,23.7588,16.9797,3.3075,11979178.0183
58,000876.SZ,20201207,24.0715,17.2032,3.3511,12136858.0599
59,000876.SZ,20201204,23.7409,16.967,3.3051,11970167.7302
60,000876.SZ,20201203,23.8303,17.0308,3.3175,12015219.1707
61,000876.SZ,20201202,23.3388,16.6796,3.2491,11767436.2482
62,000876.SZ,20201201,23.4014,16.7243,3.2578,11798972.2565
63,000876.SZ,20201130,23.2048,16.5838,3.2304,11699859.0875
64,000876.SZ,20201127,23.1423,16.5391,3.2217,11668323.0791
65,000876.SZ,20201126,22.2309,15.8878,3.0948,11208798.3864
66,000876.SZ,20201125,22.2934,15.9325,3.1035,11240334.3948
67,000876.SZ,20201124,23.035,16.4625,3.2068,11614261.3506
68,000876.SZ,20201123,22.9725,16.4178,3.1981,11582725.3423
69,000876.SZ,20201120,23.312,16.6604,3.2454,11753920.816
70,000876.SZ,20201119,23.4997,16.7945,3.2715,11848528.841
71,000876.SZ,20201118,23.0529,16.4752,3.2093,11623271.6387
72,000876.SZ,20201117,22.9635,16.4114,3.1968,11578220.1982
73,000876.SZ,20201116,23.4014,16.7243,3.2578,11798972.2565
74,000876.SZ,20201113,23.0976,16.5072,3.2155,11645797.3589
75,000876.SZ,20201112,22.9546,16.405,3.1956,11573715.0542
76,000876.SZ,20201111,23.2763,16.6349,3.2404,11735900.2398
77,000876.SZ,20201110,23.5533,16.8329,3.2789,11875559.7053
78,000876.SZ,20201109,24.2681,17.3437,3.3784,12235971.2289
79,000876.SZ,20201106,24.2055,17.299,3.3697,12204435.2206
80,000876.SZ,20201105,24.7595,17.6949,3.4469,12483754.1515
81,000876.SZ,20201104,24.7327,17.6758,3.4431,12470238.7193
82,000876.SZ,20201103,24.4915,17.5034,3.4095,12348599.8301
83,000876.SZ,20201102,24.2234,17.3118,3.3722,12213445.5087
84,000876.SZ,20201030,24.0177,18.2265,3.4399,12109698.6152
85,000876.SZ,20201029,24.8933,18.891,3.5654,12551198.0438
86,000876.SZ,20201028,23.7771,18.0439,3.8414,11988416.7716
87,000876.SZ,20201027,23.7771,18.0439,3.8414,11988416.7716
88,000876.SZ,20201026,22.9187,17.3925,3.7027,11555621.9423
89,000876.SZ,20201023,22.9187,17.3925,3.7027,11555621.9423
90,000876.SZ,20201022,23.6741,17.9658,3.8248,11936481.3921
91,000876.SZ,20201021,24.4466,18.552,3.9496,12325996.7385
92,000876.SZ,20201020,24.687,18.7344,3.9884,12447179.2907
93,000876.SZ,20201019,24.6183,18.6823,3.9773,12412555.7043
94,000876.SZ,20201016,25.0046,18.9755,4.0397,12607313.3775
95,000876.SZ,20201015,24.7042,18.7475,3.9912,12455835.1873
96,000876.SZ,20201014,24.9188,18.9103,4.0258,12564033.8946
97,000876.SZ,20201013,25.76,19.5487,4.1618,12988172.8273
98,000876.SZ,20201012,24.8157,18.8321,4.0092,12512098.5151
99,000876.SZ,20201009,23.7053,17.9895,3.8884,11952225.8172
100,000876.SZ,20200930,23.6456,17.9441,3.8786,11922097.7723
101,000876.SZ,20200929,23.9785,18.1968,3.9332,12089954.0225
102,000876.SZ,20200928,23.4748,17.8146,3.8506,11836017.644
103,000876.SZ,20200925,24.3626,18.4883,3.9962,12283634.3113
104,000876.SZ,20200924,24.1321,18.3134,3.9584,12167426.138
105,000876.SZ,20200923,24.8236,18.8381,4.0718,12516050.6577
106,000876.SZ,20200922,24.5077,18.5984,4.02,12356802.4203
107,000876.SZ,20200921,25.2077,19.1296,4.1348,12709730.9464
108,000876.SZ,20200918,25.2675,19.175,4.1446,12739858.9914
109,000876.SZ,20200917,24.4565,18.5595,4.0116,12330978.3818
110,000876.SZ,20200916,25.9931,19.7256,4.2636,13105699.5367
111,000876.SZ,20200915,26.5052,20.1143,4.3476,13363939.9217
112,000876.SZ,20200914,26.215,19.894,4.3,13217603.7035
113,000876.SZ,20200911,27.4869,20.8592,4.5087,13858900.6595
114,000876.SZ,20200910,27.6235,20.9629,4.5311,13927764.7622
115,000876.SZ,20200909,28.0674,21.2997,4.6039,14151573.0958
116,000876.SZ,20200908,29.0917,22.0771,4.7719,14668053.8657
117,000876.SZ,20200907,30.8588,23.4181,5.0617,15558983.1938
118,000876.SZ,20200904,33.8806,25.7113,5.5574,17082601.4651
119,000876.SZ,20200903,34.2989,26.0287,5.626,17293497.7795
120,000876.SZ,20200902,35.2208,26.7283,5.7772,17758330.4724
121,000876.SZ,20200901,33.7184,25.5882,5.5308,17000825.3432
122,000876.SZ,20200831,32.438,24.6165,5.3208,16355224.3808
123,000876.SZ,20200828,33.1806,27.8713,5.697,16729672.939
124,000876.SZ,20200827,31.9087,26.8029,5.4786,16088375.983
125,000876.SZ,20200826,30.9185,25.9711,5.3086,15589111.2388
126,000876.SZ,20200825,31.3026,26.2938,5.3745,15782791.5275
127,000876.SZ,20200824,31.3112,26.301,5.376,15787095.5339
128,000876.SZ,20200821,30.099,25.2828,5.1679,15175926.6228
129,000876.SZ,20200820,29.3051,24.6159,5.0316,14775654.0261
130,000876.SZ,20200819,29.9283,25.1394,5.1386,15089846.4945
131,000876.SZ,20200818,30.0307,25.2254,5.1562,15141494.5715
132,000876.SZ,20200817,29.8651,25.0863,5.1591,15057994.474
133,000876.SZ,20200814,29.7799,25.0148,5.1443,15015045.2598
134,000876.SZ,20200813,29.5159,24.793,5.0987,14881902.696
135,000876.SZ,20200812,29.1155,24.4567,5.0296,14680041.3896
136,000876.SZ,20200811,29.5499,24.8216,5.1046,14899082.3817
137,000876.SZ,20200810,29.8566,25.0792,5.1576,15053699.5526
138,000876.SZ,20200807,29.9248,25.1364,5.1694,15088058.9239
139,000876.SZ,20200806,30.4536,25.5807,5.5059,15354726.6628
140,000876.SZ,20200805,31.1644,26.1777,5.6344,15713087.9385
141,000876.SZ,20200804,29.1408,24.4779,5.2685,14692812.3064
142,000876.SZ,20200803,28.4301,23.8809,5.14,14334451.0306
143,000876.SZ,20200731,27.1925,22.8414,4.9163,13710480.8093
144,000876.SZ,20200730,27.4434,23.0521,4.9616,13836961.2595
145,000876.SZ,20200729,27.1173,22.7782,4.9027,13672536.6742
146,000876.SZ,20200728,26.8664,22.5675,4.8573,13546056.2239
147,000876.SZ,20200727,25.7543,21.6333,4.6563,12985326.2277
148,000876.SZ,20200724,26.2811,22.0758,4.7515,13250935.1733
149,000876.SZ,20200723,26.5152,22.2725,4.7938,13368983.5935
150,000876.SZ,20200722,26.8497,22.5534,4.8543,13537624.1939
151,000876.SZ,20200721,26.7494,22.4691,4.8362,13487032.0138
152,000876.SZ,20200720,26.5152,22.2725,4.7938,13368983.5935
153,000876.SZ,20200717,25.8379,21.7035,4.6714,13027486.3778
154,000876.SZ,20200716,25.9216,21.7738,4.6865,13069646.5279
155,000876.SZ,20200715,27.5605,23.1504,4.9828,13895985.4697
156,000876.SZ,20200714,28.196,23.6842,5.0977,14216402.6103
157,000876.SZ,20200713,28.1458,23.6421,5.0886,14191106.5203
158,000876.SZ,20200710,26.7494,22.4691,4.8362,13487032.0138
159,000876.SZ,20200709,27.1173,22.7782,4.9027,13672536.6742
160,000876.SZ,20200708,26.3647,22.146,4.7666,13293095.3234
161,000876.SZ,20200707,26.7995,22.5113,4.8452,13512328.1038
162,000876.SZ,20200706,26.3898,22.1671,4.7712,13305743.3684
163,000876.SZ,20200703,25.3613,21.3032,4.5852,12787173.5223
164,000876.SZ,20200702,25.4617,21.3875,4.6033,12837765.7024
165,000876.SZ,20200701,26.1724,21.9845,4.7319,13196126.9782
166,000876.SZ,20200630,24.9181,20.9309,4.5051,12563724.7268
167,000876.SZ,20200629,24.2743,20.3901,4.3887,12239091.5711
168,000876.SZ,20200624,23.7475,19.9476,4.2934,11973482.6256
169,000876.SZ,20200623,23.7642,19.9616,4.2965,11981914.6556
170,000876.SZ,20200622,24.2492,20.369,4.3841,12226443.5261
171,000876.SZ,20200619,24.3328,20.4392,4.3993,12268603.6762
172,000876.SZ,20200618,24.2241,20.3479,4.4091,12213795.4811
173,000876.SZ,20200617,23.5635,19.7931,4.2888,11880730.2954
174,000876.SZ,20200616,23.3127,19.5823,4.2432,11754249.8451
175,000876.SZ,20200615,23.5635,19.7931,4.2888,11880730.2954
176,000876.SZ,20200612,22.9698,19.2944,4.1808,11581393.2297
177,000876.SZ,20200611,22.4932,18.894,4.094,11341080.3742
178,000876.SZ,20200610,23.4465,19.6947,4.2675,11821706.0852
179,000876.SZ,20200609,23.4632,19.7088,4.2706,11830138.1153
180,000876.SZ,20200608,23.505,19.7439,4.2782,11851218.1903
181,000876.SZ,20200605,23.3545,19.6175,4.2508,11775329.9201
182,000876.SZ,20200604,23.7977,19.9897,4.3314,11998778.7156
183,000876.SZ,20200603,23.898,20.074,4.3497,12049370.8957
184,000876.SZ,20200602,24.2325,20.355,4.4106,12218011.4961
185,000876.SZ,20200601,23.5552,19.786,4.2873,11876514.2804
186,000876.SZ,20200529,23.4297,19.6807,4.2645,11813274.0552
187,000876.SZ,20200528,23.3628,19.6245,4.2523,11779545.9351
188,000876.SZ,20200527,23.3963,19.6526,4.2584,11796409.9952
189,000876.SZ,20200526,23.6304,19.8492,4.301,11914458.4154
190,000876.SZ,20200525,23.7642,19.9616,4.3253,11981914.6556
191,000876.SZ,20200522,23.5886,19.8141,4.2934,11893378.3404
192,000876.SZ,20200521,23.6471,19.8633,4.304,11922890.4455
193,000876.SZ,20200520,24.0903,20.2356,4.3847,12146339.2409
194,000876.SZ,20200519,24.8345,20.8607,4.5202,12521564.5767
195,000876.SZ,20200518,25.7794,21.6544,4.6921,12997974.2727
196,000876.SZ,20200515,25.2108,21.1767,4.5886,12711285.2521
197,000876.SZ,20200514,25.169,21.1416,4.581,12690205.1771
198,000876.SZ,20200513,25.7961,21.6684,4.6952,13006406.3028
199,000876.SZ,20200512,25.6373,21.535,4.6663,12926302.0176
200,000876.SZ,20200511,25.8128,21.6825,4.6982,13014838.3328
201,000876.SZ,20200508,27.1173,22.7782,4.9356,13672536.6742
202,000876.SZ,20200507,27.1257,22.7852,4.9372,13676752.6892
203,000876.SZ,20200506,27.1424,22.7992,4.9402,13685184.7192
204,000876.SZ,20200430,27.5103,23.1083,5.0072,13870689.3796
205,000876.SZ,20200429,28.1374,28.1374,5.4436,14186890.5053
206,000876.SZ,20200428,28.6391,28.6391,5.5406,14439851.4058
207,000876.SZ,20200427,28.4301,28.4301,5.5002,14334451.0306
208,000876.SZ,20200424,27.9284,27.9284,5.4031,14081490.1301
209,000876.SZ,20200423,28.2545,28.2545,5.4662,14245914.7154
210,000876.SZ,20200422,29.2328,29.2328,5.6555,14739188.4715
211,000876.SZ,20200421,27.803,27.803,5.3789,14018249.9049
212,000876.SZ,20200420,27.6357,27.6357,5.3465,13933929.6047
213,000876.SZ,20200417,27.318,27.318,5.285,13773721.0344
214,000876.SZ,20200416,27.0253,27.0253,5.2284,13626160.5091
215,000876.SZ,20200415,27.1758,27.1758,5.2575,13702048.7793
216,000876.SZ,20200414,27.5103,27.5103,5.3223,13870689.3796
217,000876.SZ,20200413,27.0922,27.0922,5.2414,13659888.6292
218,000876.SZ,20200410,27.3849,27.3849,5.298,13807449.1545
219,000876.SZ,20200409,27.2762,27.2762,5.277,13752640.9594
220,000876.SZ,20200408,27.4936,27.4936,5.319,13862257.3496
221,000876.SZ,20200407,28.3883,28.3883,5.4921,14313370.9556
222,000876.SZ,20200403,27.3096,27.3096,5.2834,13769505.0194
223,000876.SZ,20200402,26.6741,26.6741,5.1605,13449087.8787
224,000876.SZ,20200401,26.7494,26.7494,5.175,13487032.0138
225,000876.SZ,20200331,77.7342,39.8464,5.5044,13250935.1733
226,000876.SZ,20200330,70.6607,36.2206,5.0035,12045154.8807
227,000876.SZ,20200327,69.1026,35.4219,4.8932,11779545.9351
228,000876.SZ,20200326,71.007,36.3981,5.028,12104179.0908
229,000876.SZ,20200325,69.3004,35.5233,4.9072,11813274.0552
230,000876.SZ,20200324,68.5832,35.1556,4.8564,11691009.62
231,000876.SZ,20200323,65.2938,33.4695,4.6235,11130279.6238
232,000876.SZ,20200320,69.8198,35.7895,4.944,11901810.3704
233,000876.SZ,20200319,71.7737,36.7911,5.0823,12234875.5561
234,000876.SZ,20200318,71.6747,36.7404,5.0753,12218011.4961
235,000876.SZ,20200317,66.5551,34.1161,4.7128,11345296.3892
236,000876.SZ,20200316,67.2724,34.4837,4.7636,11467560.8245
237,000876.SZ,20200313,69.5972,35.6754,4.9282,11863866.2353
238,000876.SZ,20200312,68.6821,35.2064,4.8634,11707873.68
239,000876.SZ,20200311,73.3318,37.5898,5.1927,12500484.5017
240,000876.SZ,20200310,70.636,36.2079,5.0018,12040938.8657
241,000876.SZ,20200309,72.1941,37.0066,5.1121,12306547.8113
242,000876.SZ,20200306,71.007,36.3981,5.028,12104179.0908
243,000876.SZ,20200305,69.6219,35.6881,4.93,11868082.2503
244,000876.SZ,20200304,66.9014,34.2936,4.7373,11404320.5993
245,000876.SZ,20200303,65.5164,33.5836,4.6392,11168223.7588
246,000876.SZ,20200302,64.3045,32.9624,4.5534,10961639.0234
247,000876.SZ,20200228,59.8526,30.6804,4.2382,10202756.3218
248,000876.SZ,20200227,62.5237,32.0496,4.4273,10658085.9428
249,000876.SZ,20200226,61.4108,31.4791,4.3485,10468365.2673
250,000876.SZ,20200225,55.8459,28.6266,3.9545,9519761.8903
251,000876.SZ,20200224,54.0652,27.7138,3.8284,9216208.8097
252,000876.SZ,20200221,52.9522,27.1433,3.7496,9026488.1343
253,000876.SZ,20200220,53.62,27.4856,3.7969,9140320.5395
254,000876.SZ,20200219,53.2985,27.3207,3.7741,9085512.3444
255,000876.SZ,20200218,51.8146,26.5601,3.669,8832551.4439
256,000876.SZ,20200217,52.1361,26.7249,3.6918,8887359.639
257,000876.SZ,20200214,51.9382,26.6235,3.6778,8853631.5189
258,000876.SZ,20200213,49.4155,25.3303,3.4991,8423597.988
259,000876.SZ,20200212,50.1575,25.7107,3.5517,8550078.4383
260,000876.SZ,20200211,50.1822,25.7233,3.5534,8554294.4533
261,000876.SZ,20200210,50.479,25.8755,3.5744,8604886.6334
262,000876.SZ,20200207,47.3874,24.2907,3.3555,8077884.7572
263,000876.SZ,20200206,47.5853,24.3922,3.3695,8111612.8773
264,000876.SZ,20200205,45.0873,23.1117,3.1926,7685795.3614
265,000876.SZ,20200204,42.3667,21.7171,3.0,7222033.7104
266,000876.SZ,20200203,40.3881,20.7029,2.8599,6884752.5097
267,000876.SZ,20200123,44.8647,22.9976,3.1769,7647851.2263
268,000876.SZ,20200122,47.338,24.2654,3.352,8069452.7272
269,000876.SZ,20200121,47.3132,24.2527,3.3503,8065236.7122
270,000876.SZ,20200120,49.2176,25.2289,3.4851,8389869.8679
271,000876.SZ,20200117,48.352,24.7852,3.4238,8242309.3426
272,000876.SZ,20200116,49.3908,25.3176,3.4974,8419381.973
273,000876.SZ,20200115,50.0585,25.6599,3.5447,8533214.3782
274,000876.SZ,20200114,50.4543,25.8628,3.5727,8600670.6184
275,000876.SZ,20200113,50.9737,26.129,3.6095,8689206.9335
276,000876.SZ,20200110,50.1575,25.7107,3.5517,8550078.4383
277,000876.SZ,20200109,51.4436,26.3699,3.6427,8769311.2187
278,000876.SZ,20200108,51.8146,26.5601,3.669,8832551.4439
279,000876.SZ,20200107,53.1501,27.2447,3.7636,9060216.2543
280,000876.SZ,20200106,50.9737,26.129,3.6095,8689206.9335
281,000876.SZ,20200103,50.5285,25.9008,3.5779,8613318.6634
282,000876.SZ,20200102,51.5672,26.4333,3.6515,8790391.2938
283,000876.SZ,20191231,49.3413,25.2923,3.4939,8410949.943
284,000876.SZ,20191230,47.9316,24.5697,3.3941,8170637.0874
285,000876.SZ,20191227,47.6842,24.4429,3.3765,8128476.9374
286,000876.SZ,20191226,46.0024,23.5808,3.2574,7841787.9167
287,000876.SZ,20191225,46.0024,23.5808,3.2574,7841787.9167
288,000876.SZ,20191224,45.8293,23.492,3.2452,7812275.8117
289,000876.SZ,20191223,46.6949,23.9358,3.3065,7959836.337
290,000876.SZ,20191220,48.5993,24.912,3.4413,8284469.4927
291,000876.SZ,20191219,47.981,24.595,3.3976,8179069.1175
292,000876.SZ,20191218,48.0058,24.6077,3.3993,8183285.1325
293,000876.SZ,20191217,48.9703,25.1021,3.4676,8347709.7178
294,000876.SZ,20191216,48.0058,24.6077,3.3993,8183285.1325
295,000876.SZ,20191213,48.723,24.9753,3.4501,8305549.5677
296,000876.SZ,20191212,48.4015,24.8105,3.4273,8250741.3726
297,000876.SZ,20191211,48.5993,24.912,3.4413,8284469.4927
298,000876.SZ,20191210,49.3413,25.2923,3.4939,8410949.943
299,000876.SZ,20191209,51.2952,26.2938,3.6322,8744015.1287
300,000876.SZ,20191206,51.493,26.3953,3.6462,8777743.2487
301,000876.SZ,20191205,52.3339,26.8263,3.7058,8921087.759
302,000876.SZ,20191204,53.2738,27.3081,3.7723,9081296.3294
303,000876.SZ,20191203,52.1855,26.7502,3.6953,8895791.669
304,000876.SZ,20191202,51.9629,26.6361,3.6795,8857847.5339
305,000876.SZ,20191129,50.8747,26.0783,3.6025,8672342.8735
306,000876.SZ,20191128,51.6909,26.4967,3.6603,8811471.3688
307,000876.SZ,20191127,51.3941,26.3445,3.6392,8760879.1887
308,000876.SZ,20191126,53.1748,27.2574,3.7653,9064432.2694
309,000876.SZ,20191125,52.1855,26.7502,3.6953,8895791.669
310,000876.SZ,20191122,53.1996,27.27,3.7671,9068648.2844
311,000876.SZ,20191121,54.1889,27.7771,3.8371,9237288.8847
312,000876.SZ,20191120,55.104,28.2462,3.9019,9393281.4401
313,000876.SZ,20191119,56.1427,28.7787,3.9755,9570354.0704
314,000876.SZ,20191118,54.4857,27.9293,3.8581,9287881.0648
315,000876.SZ,20191115,51.9382,26.6235,3.6778,8853631.5189
316,000876.SZ,20191114,55.0298,28.2082,3.8967,9380633.395
317,000876.SZ,20191113,55.1534,28.2716,3.9054,9401713.4701
318,000876.SZ,20191112,55.5492,28.4744,3.9335,9469169.7102
319,000876.SZ,20191111,55.0792,28.2335,3.9002,9389065.425
320,000876.SZ,20191108,55.4008,28.3984,3.9229,9443873.6202
321,000876.SZ,20191107,56.5879,29.0069,4.007,9646242.3406
322,000876.SZ,20191106,55.5986,28.4998,3.937,9477601.7402
323,000876.SZ,20191105,57.3794,29.4126,4.0631,9781154.8209
324,000876.SZ,20191104,57.132,29.2858,4.0455,9738994.6708
325,000876.SZ,20191101,54.6341,28.0053,3.8687,9313177.1549
326,000876.SZ,20191031,54.5599,27.9673,3.8634,9300529.1099
327,000876.SZ,20191030,57.2062,40.2884,4.3195,9751642.7158
328,000876.SZ,20191029,55.0792,38.7905,4.1589,9389065.425
329,000876.SZ,20191028,54.5599,38.4247,4.1197,9300529.1099
330,000876.SZ,20191025,51.9135,36.5609,3.9199,8849415.5039
331,000876.SZ,20191024,47.709,33.5998,3.6024,8132692.9524
332,000876.SZ,20191023,47.61,33.5301,3.5949,8115828.8923
333,000876.SZ,20191022,47.7337,33.6172,3.6042,8136908.9674
334,000876.SZ,20191021,47.6842,33.5824,3.6005,8128476.9374
335,000876.SZ,20191018,44.6669,31.4574,3.3727,7614123.1063
336,000876.SZ,20191017,45.1368,31.7883,3.4082,7694227.3914
337,000876.SZ,20191016,45.483,32.0322,3.4343,7753251.6016
338,000876.SZ,20191015,46.2497,32.5721,3.4922,7883948.0668
339,000876.SZ,20191014,46.0766,32.4502,3.4791,7854435.9618
340,000876.SZ,20191011,46.0519,32.4328,3.4773,7850219.9468
341,000876.SZ,20191010,46.6207,32.8334,3.5202,7947188.292
342,000876.SZ,20191009,44.4195,31.2832,3.354,7571962.9562
343,000876.SZ,20191008,44.5185,31.3529,3.3615,7588827.0162
344,000876.SZ,20190930,42.4657,29.9071,3.2065,7238897.7705
345,000876.SZ,20190927,40.3881,28.444,3.0496,6884752.5097
346,000876.SZ,20190926,39.6709,27.9389,2.9954,6762488.0744
347,000876.SZ,20190925,44.0733,31.0393,3.3279,7512938.746
348,000876.SZ,20190924,44.1228,31.0742,3.3316,7521370.7761
349,000876.SZ,20190923,44.8153,31.5619,3.3839,7639419.1963
350,000876.SZ,20190920,45.7551,32.2238,3.4548,7799627.7667
351,000876.SZ,20190919,45.4583,32.0148,3.4324,7749035.5865
352,000876.SZ,20190918,45.0379,31.7186,3.4007,7677363.3314
353,000876.SZ,20190917,44.9884,31.6838,3.397,7668931.3014
354,000876.SZ,20190916,45.6314,32.1367,3.4455,7778547.6916
355,000876.SZ,20190912,45.3099,31.9102,3.4212,7723739.4965
356,000876.SZ,20190911,44.9142,31.6316,3.3914,7656283.2563
357,000876.SZ,20190910,46.7444,32.9205,3.5295,7968268.367
358,000876.SZ,20190909,45.8046,32.2586,3.4586,7808059.7967
359,000876.SZ,20190906,45.7056,32.1889,3.4511,7791195.7366
360,000876.SZ,20190905,48.1541,33.9133,3.636,8208581.2225
361,000876.SZ,20190904,48.1047,33.8785,3.6323,8200149.1925
362,000876.SZ,20190903,47.9068,33.7392,3.6173,8166421.0724
363,000876.SZ,20190902,47.7832,33.6521,3.608,8145340.9974
364,000876.SZ,20190830,48.2531,46.5416,3.7866,8225445.2826
365,000876.SZ,20190829,47.9068,46.2076,3.7594,8166421.0724
366,000876.SZ,20190828,47.2885,45.6112,3.7109,8061020.6972
367,000876.SZ,20190827,44.5432,42.9633,3.4955,7593043.0312
368,000876.SZ,20190826,43.1582,41.6274,3.3868,7356946.1907
369,000876.SZ,20190823,43.5786,42.033,3.4198,7428618.4459
370,000876.SZ,20190822,44.9637,43.3689,3.5285,7664715.2864
371,000876.SZ,20190821,43.4302,41.8898,3.4081,7403322.3558
372,000876.SZ,20190820,44.1475,42.5816,3.4644,7525586.7911
373,000876.SZ,20190819,44.4443,42.8679,3.4877,7576178.9712
374,000876.SZ,20190816,45.3346,43.7267,3.5576,7727955.5115
375,000876.SZ,20190815,44.2959,42.7248,3.4761,7550882.8811
376,000876.SZ,20190814,45.1862,43.5836,3.5459,7702659.4214
377,000876.SZ,20190813,45.3841,43.7744,3.5614,7736387.5415
378,000876.SZ,20190812,45.1121,43.512,3.5401,7690011.3764
379,000876.SZ,20190809,45.3099,43.7028,3.5556,7723739.4965
380,000876.SZ,20190808,47.6595,45.9691,3.74,8124260.9223
381,000876.SZ,20190807,48.1294,46.4223,3.7769,8204365.2075
382,000876.SZ,20190806,48.2283,46.5177,3.7846,8221229.2676
383,000876.SZ,20190805,49.1682,47.4242,3.8584,8381437.8379
384,000876.SZ,20190802,48.723,46.9949,3.8235,8305549.5677
385,000876.SZ,20190801,48.8219,47.0903,3.8312,8322413.6278
386,000876.SZ,20190731,47.8574,46.1599,3.7555,8157989.0424
387,000876.SZ,20190730,48.1541,46.4462,3.7788,8208581.2225
388,000876.SZ,20190729,48.0058,46.303,3.7672,8183285.1325
389,000876.SZ,20190726,46.2745,44.6332,3.6313,7888164.0818
390,000876.SZ,20190725,46.1508,44.5139,3.6216,7867084.0068
391,000876.SZ,20190724,45.7798,44.1561,3.5925,7803843.7817
392,000876.SZ,20190723,46.1755,44.5378,3.6236,7871300.0218
393,000876.SZ,20190722,45.6809,44.0607,3.5847,7786979.7216
394,000876.SZ,20190719,47.4616,45.7782,3.7245,8090532.8023
395,000876.SZ,20190718,47.239,45.5635,3.707,8052588.6672
396,000876.SZ,20190717,49.2176,47.472,3.8623,8389869.8679
397,000876.SZ,20190716,49.3908,47.6389,3.8759,8419381.973
398,000876.SZ,20190715,50.0833,48.3069,3.9302,8537430.3932
399,000876.SZ,20190712,48.0552,46.3508,3.7711,8191717.1625
400,000876.SZ,20190711,48.2531,46.5416,3.7866,8225445.2826
401,000876.SZ,20190710,47.709,46.0168,3.7439,8132692.9524
402,000876.SZ,20190709,46.7444,45.0864,3.6682,7968268.367
403,000876.SZ,20190708,46.9175,45.2534,3.6818,7997780.4721
404,000876.SZ,20190705,46.0766,44.4423,3.6158,7854435.9618
405,000876.SZ,20190704,44.5432,42.9633,3.4955,7593043.0312
406,000876.SZ,20190703,46.2003,44.5616,3.6255,7875516.0368
407,000876.SZ,20190702,46.4723,44.824,3.6468,7921892.2019
408,000876.SZ,20190701,45.1368,43.5358,3.542,7694227.3914
409,000876.SZ,20190628,42.9603,41.4366,3.3712,7323218.0706
410,000876.SZ,20190627,42.7872,41.2696,3.3577,7293705.9656
411,000876.SZ,20190626,42.4162,40.9118,3.3285,7230465.7404
412,000876.SZ,20190625,42.6883,41.1742,3.3499,7276841.9055
413,000876.SZ,20190624,44.5432,42.9633,3.4955,7593043.0312
414,000876.SZ,20190621,43.7765,42.2238,3.4353,7462346.5659
415,000876.SZ,20190620,45.4583,43.846,3.547,7749035.5865
416,000876.SZ,20190619,47.0165,45.3488,3.6686,8014644.5321
417,000876.SZ,20190618,48.4757,46.7563,3.7824,8263389.4176
418,000876.SZ,20190617,46.2497,44.6093,3.6087,7883948.0668
419,000876.SZ,20190614,46.6207,44.9672,3.6377,7947188.292
420,000876.SZ,20190613,47.9316,46.2315,3.74,8170637.0874
421,000876.SZ,20190612,47.2885,45.6112,3.6898,8061020.6972
422,000876.SZ,20190611,50.108,48.3307,3.9098,8541646.4082
423,000876.SZ,20190610,46.1261,44.4901,3.5991,7862867.9918
424,000876.SZ,20190606,46.1755,44.5378,3.6029,7871300.0218
425,000876.SZ,20190605,49.7123,47.9491,3.8789,8474190.1681
426,000876.SZ,20190604,51.4436,49.6189,4.014,8769311.2187
427,000876.SZ,20190603,49.7123,47.9491,3.8789,8474190.1681
428,000876.SZ,20190531,50.9489,49.1418,3.9754,8684990.9185
429,000876.SZ,20190530,48.5251,46.804,3.7863,8271821.4477
430,000876.SZ,20190529,45.953,44.3231,3.5856,7833355.8867
431,000876.SZ,20190528,45.6067,43.9891,3.5586,7774331.6766
432,000876.SZ,20190527,43.5539,42.0091,3.3984,7424402.4308
433,000876.SZ,20190524,41.2785,39.8144,3.2208,7036529.05
434,000876.SZ,20190523,42.9356,41.4127,3.3501,7319002.0556
435,000876.SZ,20190522,43.6776,42.1284,3.408,7445482.5059
436,000876.SZ,20190521,44.8647,43.2734,3.5007,7647851.2263
437,000876.SZ,20190520,41.0312,39.5759,3.2015,6994368.8999
438,000876.SZ,20190517,43.6776,42.1284,3.408,7445482.5059
439,000876.SZ,20190516,43.5539,42.0091,3.3984,7424402.4308
440,000876.SZ,20190515,45.4336,43.8221,3.545,7744819.5715
441,000876.SZ,20190514,44.9142,43.3211,3.5045,7656283.2563
442,000876.SZ,20190513,43.5539,42.0091,3.3984,7424402.4308
443,000876.SZ,20190510,43.5786,42.033,3.4003,7428618.4459
444,000876.SZ,20190509,39.6214,38.2161,3.0915,6754056.0444
445,000876.SZ,20190508,36.0105,34.7333,2.8098,6138517.8531
446,000876.SZ,20190507,39.943,38.5262,3.1166,6808864.2395
447,000876.SZ,20190506,42.2184,40.7209,3.2942,7196737.6204
448,000876.SZ,20190430,42.8119,41.2934,3.3405,7297921.9806
449,000876.SZ,20190429,38.9289,38.9289,3.0758,6636007.6242
450,000876.SZ,20190426,40.3139,40.3139,3.1852,6872104.4647
451,000876.SZ,20190425,38.9537,38.9537,3.0777,6640223.6392
452,000876.SZ,20190424,36.9998,36.9998,2.9233,6307158.4535
453,000876.SZ,20190423,35.8621,35.8621,2.8335,6113221.7631
454,000876.SZ,20190422,36.7277,36.7277,2.9019,6260782.2884
455,000876.SZ,20190419,34.6255,34.6255,2.7358,5902421.0126
456,000876.SZ,20190418,34.947,34.947,2.7612,5957229.2077
457,000876.SZ,20190417,35.2933,35.2933,2.7885,6016253.4178
458,000876.SZ,20190416,34.9223,34.9223,2.7592,5953013.1927
459,000876.SZ,20190415,34.9717,34.9717,2.7631,5961445.2227
460,000876.SZ,20190412,35.961,35.961,2.8413,6130085.8231
461,000876.SZ,20190411,34.6997,34.6997,2.7416,5915069.0576
462,000876.SZ,20190410,36.1589,36.1589,2.8569,6163813.9432
463,000876.SZ,20190409,36.0105,36.0105,2.8452,6138517.8531
464,000876.SZ,20190408,36.4804,36.4804,2.8823,6218622.1383
465,000876.SZ,20190404,37.717,37.717,2.98,6429422.8887
466,000876.SZ,20190403,27.9958,35.637,2.9905,6383046.7236
467,000876.SZ,20190402,27.4411,34.9309,2.9313,6256566.2734
468,000876.SZ,20190401,26.7754,34.0835,2.8602,6104789.733
469,000876.SZ,20190329,24.5934,31.306,2.6271,5607299.962
470,000876.SZ,20190328,23.5209,29.9408,2.5125,5362771.0914
471,000876.SZ,20190327,23.6134,30.0585,2.5224,5383851.1665
472,000876.SZ,20190326,24.0202,30.5763,2.5658,5476603.4967
473,000876.SZ,20190325,22.8922,29.1405,2.4454,5219426.5811
474,000876.SZ,20190322,22.9662,29.2346,2.4533,5236290.6412
475,000876.SZ,20190321,23.3915,29.776,2.4987,5333258.9864
476,000876.SZ,20190320,22.8737,29.1169,2.4434,5215210.5661
477,000876.SZ,20190319,23.9092,30.4351,2.554,5451307.4066
478,000876.SZ,20190318,24.1496,30.7411,2.5797,5506115.6018
479,000876.SZ,20190315,23.3175,29.6818,2.4908,5316394.9263
480,000876.SZ,20190314,22.282,28.3637,2.3802,5080298.0858
481,000876.SZ,20190313,23.6689,30.1291,2.5283,5396499.2115
482,000876.SZ,20190312,26.2946,33.4715,2.8088,5995173.3428
483,000876.SZ,20190311,24.8893,31.6826,2.6587,5674756.2021
484,000876.SZ,20190308,24.8893,31.6826,2.6587,5674756.2021
485,000876.SZ,20190307,23.5209,29.9408,2.5125,5362771.0914
486,000876.SZ,20190306,23.9832,30.5292,2.5619,5468171.4667
487,000876.SZ,20190305,23.7983,30.2938,2.5421,5426011.3166
488,000876.SZ,20190304,23.1326,29.4465,2.471,5274234.7763
489,000876.SZ,20190301,21.0246,26.7631,2.2459,4793609.0652
490,000876.SZ,20190228,19.6008,24.9506,2.0938,4468975.9095
491,000876.SZ,20190227,20.0076,25.4685,2.1372,4561728.2397
492,000876.SZ,20190226,20.6733,26.3159,2.2083,4713504.7801
493,000876.SZ,20190225,19.3974,24.6917,2.072,4422599.7444
494,000876.SZ,20190222,18.5468,23.609,1.9812,4228663.054
495,000876.SZ,20190221,18.103,23.044,1.9338,4127478.6938
496,000876.SZ,20190220,16.4572,20.9491,1.758,3752253.358
497,000876.SZ,20190219,16.0689,20.4548,1.7165,3663717.0428
498,000876.SZ,20190218,16.3093,20.7608,1.7422,3718525.2379
499,000876.SZ,20190215,16.0319,20.4077,1.7125,3655285.0128
500,000876.SZ,20190214,15.5327,19.7722,1.6592,3541452.6076
501,000876.SZ,20190213,15.6991,19.984,1.677,3579396.7426
502,000876.SZ,20190212,15.7176,20.0076,1.679,3583612.7577
503,000876.SZ,20190211,15.6991,19.984,1.677,3579396.7426
504,000876.SZ,20190201,14.7376,18.7601,1.5743,3360163.9622
505,000876.SZ,20190131,14.7006,18.713,1.5703,3351731.9322
506,000876.SZ,20190130,14.7006,18.713,1.5703,3351731.9322
507,000876.SZ,20190129,14.8115,18.8542,1.5822,3377028.0222
508,000876.SZ,20190128,14.7376,18.7601,1.5743,3360163.9622
509,000876.SZ,20190125,14.6636,18.6659,1.5664,3343299.9021
510,000876.SZ,20190124,14.7006,18.713,1.5703,3351731.9322
511,000876.SZ,20190123,14.4602,18.407,1.5446,3296923.737
512,000876.SZ,20190122,14.3492,18.2657,1.5328,3271627.647
513,000876.SZ,20190121,14.2568,18.1481,1.5229,3250547.5719
514,000876.SZ,20190118,14.3307,18.2422,1.5308,3267411.632
515,000876.SZ,20190117,14.0349,17.8656,1.4992,3199955.3918
516,000876.SZ,20190116,14.1273,17.9833,1.5091,3221035.4669
517,000876.SZ,20190115,14.3677,18.2893,1.5348,3275843.662
518,000876.SZ,20190114,14.3677,18.2893,1.5348,3275843.662
519,000876.SZ,20190111,14.1273,17.9833,1.5091,3221035.4669
520,000876.SZ,20190110,14.0534,17.8891,1.5012,3204171.4068
521,000876.SZ,20190109,14.2938,18.1951,1.5269,3258979.602
522,000876.SZ,20190108,14.0534,17.8891,1.5012,3204171.4068
523,000876.SZ,20190107,14.4602,18.407,1.5446,3296923.737
524,000876.SZ,20190104,13.9055,17.7008,1.4854,3170443.2868
525,000876.SZ,20190103,13.7205,17.4654,1.4656,3128283.1367
526,000876.SZ,20190102,13.6836,17.4184,1.4617,3119851.1067
527,000876.SZ,20181228,13.4617,17.1359,1.438,3069258.9266
528,000876.SZ,20181227,13.2952,16.9241,1.4202,3031314.7915
529,000876.SZ,20181226,13.5911,17.3007,1.4518,3098771.0316
530,000876.SZ,20181225,13.5911,17.3007,1.4518,3098771.0316
531,000876.SZ,20181224,13.6281,17.3478,1.4558,3107203.0616
532,000876.SZ,20181221,13.3137,16.9476,1.4222,3035530.8065
533,000876.SZ,20181220,13.5911,17.3007,1.4518,3098771.0316
534,000876.SZ,20181219,12.9439,16.4768,1.3827,2951210.5063
535,000876.SZ,20181218,13.4432,17.1124,1.436,3065042.9115
536,000876.SZ,20181217,13.2028,16.8064,1.4103,3010234.7164
537,000876.SZ,20181214,13.3507,16.9947,1.4261,3043962.8365
538,000876.SZ,20181213,13.6651,17.3948,1.4597,3115635.0917
539,000876.SZ,20181212,13.6466,17.3713,1.4577,3111419.0766
540,000876.SZ,20181211,13.5911,17.3007,1.4518,3098771.0316
541,000876.SZ,20181210,13.5171,17.2065,1.4439,3081906.9716
542,000876.SZ,20181207,13.5171,17.2065,1.4439,3081906.9716
543,000876.SZ,20181206,13.4432,17.1124,1.436,3065042.9115
544,000876.SZ,20181205,13.9055,17.7008,1.4854,3170443.2868
545,000876.SZ,20181204,13.6651,17.3948,1.4597,3115635.0917
546,000876.SZ,20181203,13.813,17.5831,1.4755,3149363.2117
547,000876.SZ,20181130,13.0549,16.6181,1.3945,2976506.5964
548,000876.SZ,20181129,12.9439,16.4768,1.3827,2951210.5063
549,000876.SZ,20181128,12.8884,16.4062,1.3767,2938562.4613
550,000876.SZ,20181127,11.8899,15.1352,1.2701,2710897.6508
551,000876.SZ,20181126,12.2043,15.5353,1.3037,2782569.9059
552,000876.SZ,20181123,12.1118,15.4176,1.2938,2761489.8309
553,000876.SZ,20181122,12.5186,15.9355,1.3372,2854242.1611
554,000876.SZ,20181121,12.3707,15.7471,1.3214,2820514.041
555,000876.SZ,20181120,12.2782,15.6295,1.3116,2799433.966
556,000876.SZ,20181119,12.4816,15.8884,1.3333,2845810.1311
557,000876.SZ,20181116,12.5186,15.9355,1.3372,2854242.1611
558,000876.SZ,20181115,12.6296,16.0767,1.3491,2879538.2511
559,000876.SZ,20181114,12.3707,15.7471,1.3214,2820514.041
560,000876.SZ,20181113,12.2043,15.5353,1.3037,2782569.9059
561,000876.SZ,20181112,11.8344,15.0645,1.2642,2698249.6058
562,000876.SZ,20181109,11.631,14.8056,1.2424,2651873.4407
563,000876.SZ,20181108,11.8344,15.0645,1.2642,2698249.6058
564,000876.SZ,20181107,11.779,14.9939,1.2582,2685601.5607
565,000876.SZ,20181106,11.742,14.9468,1.2543,2677169.5307
566,000876.SZ,20181105,11.4276,14.5467,1.2207,2605497.2756
567,000876.SZ,20181102,11.2982,14.3819,1.2069,2575985.1705
568,000876.SZ,20181101,11.0208,14.0288,1.1772,2512744.9454
569,000876.SZ,20181031,11.0023,14.0053,1.1753,2508528.9304
570,000876.SZ,20181030,10.7804,12.321,1.1855,2457936.7502
571,000876.SZ,20181029,10.8359,12.3844,1.1916,2470584.7953
572,000876.SZ,20181026,10.9099,12.4689,1.1997,2487448.8553
573,000876.SZ,20181025,10.8174,12.3632,1.1895,2466368.7803
574,000876.SZ,20181024,10.9099,12.4689,1.1997,2487448.8553
575,000876.SZ,20181023,10.8544,12.4055,1.1936,2474800.8103
576,000876.SZ,20181022,10.9099,12.4689,1.1997,2487448.8553
577,000876.SZ,20181019,10.5955,12.1096,1.1651,2415776.6002
578,000876.SZ,20181018,10.4846,11.9828,1.1529,2390480.5101
579,000876.SZ,20181017,10.7249,12.2576,1.1794,2445288.7052
580,000876.SZ,20181016,10.6695,12.1942,1.1733,2432640.6602
581,000876.SZ,20181015,10.9099,12.4689,1.1997,2487448.8553
582,000876.SZ,20181012,10.9838,12.5534,1.2078,2504312.9153
583,000876.SZ,20181011,10.7989,12.3421,1.1875,2462152.7653
584,000876.SZ,20181010,11.2797,12.8916,1.2404,2571769.1555
585,000876.SZ,20181009,11.1687,12.7648,1.2282,2546473.0654
586,000876.SZ,20181008,11.2242,12.8282,1.2343,2559121.1105
587,000876.SZ,20180928,11.3352,12.955,1.2465,2584417.2005
588,000876.SZ,20180927,11.1872,12.7859,1.2302,2550689.0804
589,000876.SZ,20180926,11.2612,12.8704,1.2383,2567553.1405
590,000876.SZ,20180925,11.1872,12.7859,1.2302,2550689.0804
591,000876.SZ,20180921,11.1502,12.7436,1.2261,2542257.0504
592,000876.SZ,20180920,10.9468,12.5112,1.2038,2495880.8853
593,000876.SZ,20180919,10.9653,12.5323,1.2058,2500096.9003
594,000876.SZ,20180918,10.9099,12.4689,1.1997,2487448.8553
595,000876.SZ,20180917,10.7619,12.2998,1.1834,2453720.7352
596,000876.SZ,20180914,10.9099,12.4689,1.1997,2487448.8553
597,000876.SZ,20180913,10.8729,12.4266,1.1956,2479016.8253
598,000876.SZ,20180912,10.7989,12.3421,1.1875,2462152.7653
599,000876.SZ,20180911,10.8359,12.3844,1.1916,2470584.7953
600,000876.SZ,20180910,11.0023,12.5746,1.2099,2508528.9304
601,000876.SZ,20180907,10.9468,12.5112,1.2038,2495880.8853
602,000876.SZ,20180906,10.8359,12.3844,1.1916,2470584.7953
603,000876.SZ,20180905,11.0948,12.6802,1.22,2529609.0054
604,000876.SZ,20180904,11.2057,12.807,1.2322,2554905.0955
605,000876.SZ,20180903,11.1502,12.7436,1.2261,2542257.0504
606,000876.SZ,20180831,11.2057,12.807,1.2322,2554905.0955
607,000876.SZ,20180830,11.3721,11.5506,1.243,2592849.2305
608,000876.SZ,20180829,11.4276,11.6069,1.2491,2605497.2756
609,000876.SZ,20180828,11.4276,11.6069,1.2491,2605497.2756
610,000876.SZ,20180827,11.4461,11.6257,1.2511,2609713.2906
611,000876.SZ,20180824,11.2797,11.4567,1.2329,2571769.1555
612,000876.SZ,20180823,11.2427,11.4191,1.2289,2563337.1255
613,000876.SZ,20180822,11.3537,11.5318,1.241,2588633.2155
614,000876.SZ,20180821,11.3721,11.5506,1.243,2592849.2305
615,000876.SZ,20180820,11.1687,11.344,1.2208,2546473.0654
616,000876.SZ,20180817,11.2982,11.4755,1.2349,2575985.1705
617,000876.SZ,20180816,11.5571,11.7384,1.2632,2635009.3806
618,000876.SZ,20180815,11.8159,12.0013,1.2915,2694033.5908
619,000876.SZ,20180814,12.0008,12.1892,1.3117,2736193.7408
620,000876.SZ,20180813,12.0748,12.2643,1.3198,2753057.8009
621,000876.SZ,20180810,12.1303,12.3206,1.3259,2765705.8459
622,000876.SZ,20180809,11.9269,12.114,1.3036,2719329.6808
623,000876.SZ,20180808,11.742,11.9262,1.2834,2677169.5307
624,000876.SZ,20180807,11.9639,12.1516,1.3077,2727761.7108
625,000876.SZ,20180806,11.6495,11.8323,1.2733,2656089.4557
626,000876.SZ,20180803,11.8344,12.0201,1.2935,2698249.6058
627,000876.SZ,20180802,11.5386,11.7196,1.2612,2630793.3656
628,000876.SZ,20180801,11.8344,12.0201,1.2935,2698249.6058
629,000876.SZ,20180731,12.0563,12.2455,1.3178,2748841.7859
630,000876.SZ,20180730,11.9084,12.0952,1.3016,2715113.6658
631,000876.SZ,20180727,11.9454,12.1328,1.3057,2723545.6958
632,000876.SZ,20180726,12.0378,12.2267,1.3158,2744625.7709
633,000876.SZ,20180725,12.0563,12.2455,1.3178,2748841.7859
634,000876.SZ,20180724,12.1488,12.3394,1.3279,2769921.8609
635,000876.SZ,20180723,12.0378,12.2267,1.3158,2744625.7709
636,000876.SZ,20180720,11.8899,12.0765,1.2996,2710897.6508
637,000876.SZ,20180719,11.705,11.8887,1.2794,2668737.5007
638,000876.SZ,20180718,11.8714,12.0577,1.2976,2706681.6358
639,000876.SZ,20180717,11.9269,12.114,1.3036,2719329.6808
640,000876.SZ,20180716,12.0193,12.2079,1.3138,2740409.7559
641,000876.SZ,20180713,12.0748,12.2643,1.3198,2753057.8009
642,000876.SZ,20180712,11.7605,11.945,1.2476,2681385.5457
643,000876.SZ,20180711,11.5016,11.6821,1.2202,2622361.3356
644,000876.SZ,20180710,11.6865,11.8699,1.2398,2664521.4857
645,000876.SZ,20180709,11.705,11.8887,1.2417,2668737.5007
646,000876.SZ,20180706,11.4091,11.5881,1.2104,2601281.2606
647,000876.SZ,20180705,11.3352,11.513,1.2025,2584417.2005
648,000876.SZ,20180704,11.5201,11.7008,1.2221,2626577.3506
649,000876.SZ,20180703,11.6495,11.8323,1.2359,2656089.4557
650,000876.SZ,20180702,11.5755,11.7572,1.228,2639225.3956
651,000876.SZ,20180629,11.7235,11.9074,1.2437,2672953.5157
652,000876.SZ,20180628,11.5201,11.7008,1.2221,2626577.3506
653,000876.SZ,20180627,11.6125,11.7947,1.2319,2647657.4257
654,000876.SZ,20180626,11.6495,11.8323,1.2359,2656089.4557
655,000876.SZ,20180625,11.779,11.9638,1.2496,2685601.5607
656,000876.SZ,20180622,11.8529,12.0389,1.2574,2702465.6208
657,000876.SZ,20180621,11.7605,11.945,1.2476,2681385.5457
658,000876.SZ,20180620,11.9269,12.114,1.2653,2719329.6808
659,000876.SZ,20180619,11.8159,12.0013,1.2535,2694033.5908
660,000876.SZ,20180615,12.2043,12.3957,1.2947,2782569.9059
661,000876.SZ,20180614,12.5556,12.7526,1.332,2862674.1911
662,000876.SZ,20180613,12.7405,12.9404,1.3516,2904834.3412
663,000876.SZ,20180612,12.796,12.9968,1.3575,2917482.3862
664,000876.SZ,20180611,12.796,12.9968,1.3575,2917482.3862
665,000876.SZ,20180608,12.9809,13.1846,1.3771,2959642.5363
666,000876.SZ,20180607,13.2028,13.4099,1.4006,3010234.7164
667,000876.SZ,20180606,13.2952,13.5039,1.4104,3031314.7915
668,000876.SZ,20180605,13.2583,13.4663,1.4065,3022882.7615
669,000876.SZ,20180604,13.2398,13.4475,1.4046,3018666.7464
670,000876.SZ,20180601,13.1288,13.3348,1.3928,2993370.6564
671,000876.SZ,20180531,13.1843,13.3912,1.3987,3006018.7014
672,000876.SZ,20180530,12.9809,13.1846,1.3771,2959642.5363
673,000876.SZ,20180529,13.4617,13.6729,1.4281,3069258.9266
674,000876.SZ,20180528,13.5911,13.8044,1.4418,3098771.0316
675,000876.SZ,20180525,13.4432,13.6541,1.4261,3065042.9115
676,000876.SZ,20180524,13.4986,13.7105,1.432,3077690.9566
677,000876.SZ,20180523,13.5911,13.8044,1.4418,3098771.0316
678,000876.SZ,20180522,13.6651,13.8795,1.4497,3115635.0917
679,000876.SZ,20180521,13.6466,13.8607,1.4477,3111419.0766
680,000876.SZ,20180518,13.6096,13.8231,1.4438,3102987.0466
681,000876.SZ,20180517,13.5911,13.8044,1.4418,3098771.0316
682,000876.SZ,20180516,13.5726,13.7856,1.4399,3094555.0166
683,000876.SZ,20180515,13.4062,13.6165,1.4222,3056610.8815
684,000876.SZ,20180514,13.2213,13.4287,1.4026,3014450.7314
685,000876.SZ,20180511,13.1473,13.3536,1.3948,2997586.6714
686,000876.SZ,20180510,13.2767,13.4851,1.4085,3027098.7765
687,000876.SZ,20180509,13.2028,13.4099,1.4006,3010234.7164
688,000876.SZ,20180508,13.2213,13.4287,1.4026,3014450.7314
689,000876.SZ,20180507,13.1473,13.3536,1.3948,2997586.6714
690,000876.SZ,20180504,13.1103,13.316,1.3908,2989154.6414
691,000876.SZ,20180503,13.1473,13.3536,1.3948,2997586.6714
692,000876.SZ,20180502,13.1103,13.316,1.3908,2989154.6414
693,000876.SZ,20180427,12.2601,13.189,1.469,3027098.7765
694,000876.SZ,20180426,12.2772,13.2074,1.471,3031314.7915
695,000876.SZ,20180425,12.2942,13.2257,1.4731,3035530.8065
696,000876.SZ,20180424,12.3284,13.2625,1.4772,3043962.8365
697,000876.SZ,20180423,12.243,13.1706,1.4669,3022882.7615
698,000876.SZ,20180420,12.2259,13.1522,1.4649,3018666.7464
699,000876.SZ,20180419,12.2259,13.1522,1.4649,3018666.7464
700,000876.SZ,20180418,12.1064,13.0237,1.4506,2989154.6414
701,000876.SZ,20180417,12.1064,13.0237,1.4506,2989154.6414
702,000876.SZ,20180416,12.2259,13.1522,1.4649,3018666.7464
703,000876.SZ,20180413,12.2089,13.1339,1.4628,3014450.7314
704,000876.SZ,20180412,12.2259,13.1522,1.4649,3018666.7464
705,000876.SZ,20180411,12.3113,13.2441,1.4751,3039746.8215
706,000876.SZ,20180410,12.3113,13.2441,1.4751,3039746.8215
707,000876.SZ,20180409,12.1747,13.0971,1.4587,3006018.7014
708,000876.SZ,20180404,12.4479,13.391,1.4915,3073474.9416
709,000876.SZ,20180403,12.4821,13.4278,1.4956,3081906.9716
710,000876.SZ,20180402,12.5162,13.4645,1.4997,3090339.0016
711,000876.SZ,20180330,12.4308,13.3727,1.4894,3069258.9266
712,000876.SZ,20180329,12.3967,13.3359,1.4853,3060826.8965
713,000876.SZ,20180328,12.3284,13.2625,1.4772,3043962.8365
714,000876.SZ,20180327,12.4991,13.4462,1.4976,3086122.9866
715,000876.SZ,20180326,12.4308,13.3727,1.4894,3069258.9266
716,000876.SZ,20180323,12.7894,13.7584,1.5324,3157795.2417
717,000876.SZ,20180322,12.7724,13.7401,1.5303,3153579.2267
718,000876.SZ,20180321,12.8748,13.8503,1.5426,3178875.3168
719,000876.SZ,20180320,12.8065,13.7768,1.5344,3162011.2568
720,000876.SZ,20180319,12.7382,13.7033,1.5263,3145147.1967
721,000876.SZ,20180316,12.8407,13.8135,1.5385,3170443.2868
722,000876.SZ,20180315,12.8919,13.8686,1.5447,3183091.3318
723,000876.SZ,20180314,12.9773,13.9605,1.5549,3204171.4068
724,000876.SZ,20180313,13.1139,14.1074,1.5713,3237899.5269
725,000876.SZ,20180312,13.1822,14.1809,1.5795,3254763.5869
726,000876.SZ,20180309,13.0285,14.0156,1.561,3216819.4519
727,000876.SZ,20180308,12.9773,13.9605,1.5549,3204171.4068
728,000876.SZ,20180307,13.0114,13.9972,1.559,3212603.4369
729,000876.SZ,20180306,13.0285,14.0156,1.561,3216819.4519
730,000876.SZ,20180305,12.9431,13.9237,1.5508,3195739.3768
731,000876.SZ,20180302,12.9431,13.9237,1.5508,3195739.3768
732,000876.SZ,20180301,12.9773,13.9605,1.5549,3204171.4068
733,000876.SZ,20180228,12.926,13.9054,1.5488,3191523.3618
734,000876.SZ,20180227,12.9773,13.9605,1.5549,3204171.4068
735,000876.SZ,20180226,13.1822,14.1809,1.5795,3254763.5869
736,000876.SZ,20180223,13.0456,14.034,1.5631,3221035.4669
737,000876.SZ,20180222,12.9773,13.9605,1.5549,3204171.4068
738,000876.SZ,20180214,12.926,13.9054,1.5488,3191523.3618
739,000876.SZ,20180213,12.7894,13.7584,1.5324,3157795.2417
740,000876.SZ,20180212,12.8577,13.8319,1.5406,3174659.3018
741,000876.SZ,20180209,12.7382,13.7033,1.5263,3145147.1967
742,000876.SZ,20180208,13.4383,14.4565,1.6101,3318003.8121
743,000876.SZ,20180207,13.814,14.8606,1.6552,3410756.1423
744,000876.SZ,20180206,13.9164,14.9708,1.6674,3436052.2323
745,000876.SZ,20180205,14.3262,15.4116,1.7165,3537236.5926
746,000876.SZ,20180202,13.9335,14.9892,1.6695,3440268.2473
747,000876.SZ,20180201,13.7286,14.7687,1.6449,3389676.0672
748,000876.SZ,20180131,14.2067,15.2831,1.7022,3507724.4875
749,000876.SZ,20180130,14.1213,15.1912,1.692,3486644.4124
750,000876.SZ,20180129,14.4799,15.577,1.7349,3575180.7276
751,000876.SZ,20180126,14.4457,15.5402,1.7308,3566748.6976
752,000876.SZ,20180125,14.0701,15.1361,1.6858,3473996.3674
753,000876.SZ,20180124,14.275,15.3565,1.7104,3524588.5475
754,000876.SZ,20180123,14.2408,15.3198,1.7063,3516156.5175
755,000876.SZ,20180122,14.1042,15.1728,1.6899,3482428.3974
756,000876.SZ,20180119,14.1555,15.228,1.6961,3495076.4425
757,000876.SZ,20180118,14.3091,15.3933,1.7145,3533020.5775
758,000876.SZ,20180117,14.2579,15.3382,1.7083,3520372.5325
759,000876.SZ,20180116,14.2067,15.2831,1.7022,3507724.4875
760,000876.SZ,20180115,13.3529,14.3646,1.5999,3296923.737
761,000876.SZ,20180112,13.3529,14.3646,1.5999,3296923.737
762,000876.SZ,20180111,13.3871,14.4013,1.604,3305355.7671
763,000876.SZ,20180110,13.37,14.383,1.602,3301139.752
764,000876.SZ,20180109,13.4724,14.4932,1.6142,3326435.8421
765,000876.SZ,20180108,13.4895,14.5116,1.6163,3330651.8571
766,000876.SZ,20180105,13.2675,14.2728,1.5897,3275843.662
767,000876.SZ,20180104,13.0456,14.034,1.5631,3221035.4669
768,000876.SZ,20180103,12.9943,13.9789,1.5569,3208387.4218
769,000876.SZ,20180102,12.8748,13.8503,1.5426,3178875.3168
770,000876.SZ,20171229,12.7211,13.685,1.5242,3140931.1817
771,000876.SZ,20171228,12.6528,13.6115,1.516,3124067.1217
772,000876.SZ,20171227,12.7382,13.7033,1.5263,3145147.1967
773,000876.SZ,20171226,12.8919,13.8686,1.5447,3183091.3318
774,000876.SZ,20171225,12.7894,13.7584,1.5324,3157795.2417
775,000876.SZ,20171222,12.8577,13.8319,1.5406,3174659.3018
776,000876.SZ,20171221,12.9943,13.9789,1.5569,3208387.4218
777,000876.SZ,20171220,12.909,13.887,1.5467,3187307.3468
778,000876.SZ,20171219,12.8236,13.7952,1.5365,3166227.2718
779,000876.SZ,20171218,12.7894,13.7584,1.5324,3157795.2417
780,000876.SZ,20171215,12.8748,13.8503,1.5426,3178875.3168
781,000876.SZ,20171214,12.8065,13.7768,1.5344,3162011.2568
782,000876.SZ,20171213,12.9602,13.9421,1.5529,3199955.3918
783,000876.SZ,20171212,12.9602,13.9421,1.5529,3199955.3918
784,000876.SZ,20171211,13.0968,14.0891,1.5692,3233683.5119
785,000876.SZ,20171208,13.0285,14.0156,1.561,3216819.4519
786,000876.SZ,20171207,13.0456,14.034,1.5631,3221035.4669
787,000876.SZ,20171206,13.1651,14.1625,1.5774,3250547.5719
788,000876.SZ,20171205,13.0626,14.0523,1.5651,3225251.4819
789,000876.SZ,20171204,12.9602,13.9421,1.5529,3199955.3918
790,000876.SZ,20171201,12.9602,13.9421,1.5529,3199955.3918
791,000876.SZ,20171130,12.9943,13.9789,1.5569,3208387.4218
792,000876.SZ,20171129,13.148,14.1442,1.5754,3246331.5569
793,000876.SZ,20171128,13.3358,14.3462,1.5979,3292707.722
794,000876.SZ,20171127,13.4724,14.4932,1.6142,3326435.8421
795,000876.SZ,20171124,13.4554,14.4748,1.6122,3322219.8271
796,000876.SZ,20171123,13.2675,14.2728,1.5897,3275843.662
797,000876.SZ,20171122,13.5749,14.6034,1.6265,3351731.9322
798,000876.SZ,20171121,13.609,14.6401,1.6306,3360163.9622
799,000876.SZ,20171120,13.5749,14.6034,1.6265,3351731.9322
800,000876.SZ,20171117,13.1651,14.1625,1.5774,3250547.5719
801,000876.SZ,20171116,13.3188,14.3279,1.5958,3288491.707
802,000876.SZ,20171115,13.0114,13.9972,1.559,3212603.4369
803,000876.SZ,20171114,13.0114,13.9972,1.559,3212603.4369
804,000876.SZ,20171113,13.1651,14.1625,1.5774,3250547.5719
805,000876.SZ,20171110,13.2163,14.2177,1.5835,3263195.617
806,000876.SZ,20171109,13.0797,14.0707,1.5672,3229467.4969
807,000876.SZ,20171108,13.0626,14.0523,1.5651,3225251.4819
808,000876.SZ,20171107,13.1309,14.1258,1.5733,3242115.5419
809,000876.SZ,20171106,13.1309,14.1258,1.5733,3242115.5419
810,000876.SZ,20171103,12.8407,13.8135,1.5385,3170443.2868
811,000876.SZ,20171102,12.9431,13.9237,1.5508,3195739.3768
812,000876.SZ,20171101,12.8577,13.8319,1.5406,3174659.3018
813,000876.SZ,20171031,12.6358,13.5931,1.514,3119851.1067
814,000876.SZ,20171030,12.5845,14.3223,1.5639,3107203.0616
815,000876.SZ,20171027,12.7211,14.4778,1.5808,3140931.1817
816,000876.SZ,20171026,12.7894,14.5555,1.5893,3157795.2417
817,000876.SZ,20171025,12.8236,14.5944,1.5936,3166227.2718
818,000876.SZ,20171024,12.8236,14.5944,1.5936,3166227.2718
819,000876.SZ,20171023,12.6187,14.3612,1.5681,3115635.0917
820,000876.SZ,20171020,12.6187,14.3612,1.5681,3115635.0917
821,000876.SZ,20171019,12.6187,14.3612,1.5681,3115635.0917
822,000876.SZ,20171018,12.7211,14.4778,1.5808,3140931.1817
823,000876.SZ,20171017,12.6528,14.4001,1.5723,3124067.1217
824,000876.SZ,20171016,12.6528,14.4001,1.5723,3124067.1217
825,000876.SZ,20171013,12.7724,14.5361,1.5872,3153579.2267
826,000876.SZ,20171012,12.7724,14.5361,1.5872,3153579.2267
827,000876.SZ,20171011,12.7553,14.5167,1.5851,3149363.2117
828,000876.SZ,20171010,12.7724,14.5361,1.5872,3153579.2267
829,000876.SZ,20171009,12.6528,14.4001,1.5723,3124067.1217
830,000876.SZ,20170929,12.5845,14.3223,1.5639,3107203.0616
831,000876.SZ,20170928,12.5333,14.264,1.5575,3094555.0166
832,000876.SZ,20170927,12.5504,14.2835,1.5596,3098771.0316
833,000876.SZ,20170926,12.5845,14.3223,1.5639,3107203.0616
834,000876.SZ,20170925,12.5845,14.3223,1.5639,3107203.0616
835,000876.SZ,20170922,12.6187,14.3612,1.5681,3115635.0917
836,000876.SZ,20170921,12.687,14.4389,1.5766,3132499.1517
837,000876.SZ,20170920,12.6699,14.4195,1.5745,3128283.1367
838,000876.SZ,20170919,12.7553,14.5167,1.5851,3149363.2117
839,000876.SZ,20170918,12.8065,14.575,1.5914,3162011.2568
840,000876.SZ,20170915,12.7724,14.5361,1.5872,3153579.2267
841,000876.SZ,20170914,12.7724,14.5361,1.5872,3153579.2267
842,000876.SZ,20170913,12.8236,14.5944,1.5936,3166227.2718
843,000876.SZ,20170912,12.8065,14.575,1.5914,3162011.2568
844,000876.SZ,20170911,12.8919,14.6721,1.6021,3183091.3318
845,000876.SZ,20170908,12.8748,14.6527,1.5999,3178875.3168
846,000876.SZ,20170907,12.8919,14.6721,1.6021,3183091.3318
847,000876.SZ,20170906,12.9602,14.7499,1.6105,3199955.3918
848,000876.SZ,20170905,12.909,14.6916,1.6042,3187307.3468
849,000876.SZ,20170904,12.926,14.711,1.6063,3191523.3618
850,000876.SZ,20170901,12.8919,14.6721,1.6021,3183091.3318
851,000876.SZ,20170831,12.8919,14.6721,1.6021,3183091.3318
852,000876.SZ,20170830,12.909,14.6916,1.6042,3187307.3468
853,000876.SZ,20170829,12.9773,13.0863,1.6498,3204171.4068
854,000876.SZ,20170828,13.0285,13.138,1.6563,3216819.4519
855,000876.SZ,20170825,12.9431,13.0519,1.6455,3195739.3768
856,000876.SZ,20170824,12.8407,12.9486,1.6324,3170443.2868
857,000876.SZ,20170823,12.9943,13.1035,1.652,3208387.4218
858,000876.SZ,20170822,12.9431,13.0519,1.6455,3195739.3768
859,000876.SZ,20170821,12.9773,13.0863,1.6498,3204171.4068
860,000876.SZ,20170818,12.926,13.0347,1.6433,3191523.3618
861,000876.SZ,20170817,13.0114,13.1208,1.6542,3212603.4369
862,000876.SZ,20170816,12.9773,13.0863,1.6498,3204171.4068
863,000876.SZ,20170815,13.0456,13.1552,1.6585,3221035.4669
864,000876.SZ,20170814,13.1309,13.2413,1.6693,3242115.5419
865,000876.SZ,20170811,13.0114,13.1208,1.6542,3212603.4369
866,000876.SZ,20170810,13.1651,13.2757,1.6737,3250547.5719
867,000876.SZ,20170809,13.5066,13.6201,1.7171,3334867.8721
868,000876.SZ,20170808,13.8481,13.9645,1.7605,3419188.1723
869,000876.SZ,20170807,14.2408,14.3605,1.6332,3516156.5175
870,000876.SZ,20170804,14.3262,14.4466,1.643,3537236.5926
871,000876.SZ,20170803,14.3262,14.4466,1.643,3537236.5926
872,000876.SZ,20170802,14.2408,14.3605,1.6332,3516156.5175
873,000876.SZ,20170801,14.1213,14.24,1.6195,3486644.4124
874,000876.SZ,20170731,14.1896,14.3089,1.6273,3503508.4725
875,000876.SZ,20170728,14.053,14.1711,1.6116,3469780.3524
876,000876.SZ,20170727,13.9676,14.085,1.6019,3448700.2774
877,000876.SZ,20170726,13.9847,14.1022,1.6038,3452916.2924
878,000876.SZ,20170725,14.1213,14.24,1.6195,3486644.4124
879,000876.SZ,20170724,14.1725,14.2916,1.6254,3499292.4575
880,000876.SZ,20170721,13.9847,14.1022,1.6038,3452916.2924
881,000876.SZ,20170720,13.9847,14.1022,1.6038,3452916.2924
882,000876.SZ,20170719,13.9676,14.085,1.6019,3448700.2774
883,000876.SZ,20170718,13.8652,13.9817,1.5901,3423404.1873
884,000876.SZ,20170717,13.8481,13.9645,1.5881,3419188.1723
885,000876.SZ,20170714,14.1213,14.24,1.6195,3486644.4124
886,000876.SZ,20170713,14.275,14.395,1.6371,3524588.5475
887,000876.SZ,20170712,14.2067,14.3261,1.6293,3507724.4875
888,000876.SZ,20170711,14.1896,14.3089,1.6273,3503508.4725
889,000876.SZ,20170710,14.1042,14.2228,1.6175,3482428.3974
890,000876.SZ,20170707,14.1384,14.2572,1.6214,3490860.4275
891,000876.SZ,20170706,14.1384,14.2572,1.6214,3490860.4275
892,000876.SZ,20170705,14.0189,14.1367,1.6077,3461348.3224
893,000876.SZ,20170704,13.9506,14.0678,1.5999,3444484.2624
894,000876.SZ,20170703,14.1896,14.3089,1.6273,3503508.4725
895,000876.SZ,20170630,14.0359,14.1539,1.6097,3465564.3374
896,000876.SZ,20170629,14.0359,14.1539,1.6097,3465564.3374
897,000876.SZ,20170628,14.0701,14.1883,1.6136,3473996.3674
898,000876.SZ,20170627,14.0701,14.1883,1.6136,3473996.3674
899,000876.SZ,20170626,14.1042,14.2228,1.6175,3482428.3974
900,000876.SZ,20170623,13.7798,13.8956,1.5803,3402324.1123
901,000876.SZ,20170622,13.814,13.93,1.5842,3410756.1423
902,000876.SZ,20170621,13.7798,13.8956,1.5803,3402324.1123
903,000876.SZ,20170620,13.6603,13.7751,1.5666,3372812.0072
904,000876.SZ,20170619,13.6944,13.8095,1.5705,3381244.0372
905,000876.SZ,20170616,13.6261,13.7406,1.5627,3364379.9772
906,000876.SZ,20170615,13.6773,13.7923,1.5686,3377028.0222
907,000876.SZ,20170614,13.6603,13.7751,1.5666,3372812.0072
908,000876.SZ,20170613,13.7627,13.8784,1.5784,3398108.0973
909,000876.SZ,20170612,13.7798,13.8956,1.5803,3402324.1123
910,000876.SZ,20170609,13.592,13.7062,1.5588,3355947.9472
911,000876.SZ,20170608,13.609,13.7234,1.5607,3360163.9622
912,000876.SZ,20170607,13.5578,13.6718,1.5549,3347515.9171
913,000876.SZ,20170606,13.4554,13.5684,1.5431,3322219.8271
914,000876.SZ,20170605,13.4212,13.534,1.5392,3313787.7971
915,000876.SZ,20170602,13.5066,13.6201,1.549,3334867.8721
916,000876.SZ,20170601,13.5066,13.6201,1.549,3334867.8721
917,000876.SZ,20170531,13.6603,13.7751,1.5666,3372812.0072
918,000876.SZ,20170526,13.6432,13.7579,1.5646,3368595.9922
919,000876.SZ,20170525,13.6261,13.7406,1.5627,3364379.9772
920,000876.SZ,20170524,13.5066,13.6201,1.549,3334867.8721
921,000876.SZ,20170523,13.4895,13.6029,1.547,3330651.8571
922,000876.SZ,20170522,13.4041,13.5168,1.5372,3309571.7821
923,000876.SZ,20170519,13.3871,13.4996,1.5353,3305355.7671
924,000876.SZ,20170518,13.4041,13.5168,1.5372,3309571.7821
925,000876.SZ,20170517,13.5237,13.6373,1.5509,3339083.8871
926,000876.SZ,20170516,13.5578,13.6718,1.5549,3347515.9171
927,000876.SZ,20170515,13.4895,13.6029,1.547,3330651.8571
928,000876.SZ,20170512,13.5066,13.6201,1.549,3334867.8721
929,000876.SZ,20170511,13.4041,13.5168,1.5372,3309571.7821
930,000876.SZ,20170510,13.3529,13.4651,1.5314,3296923.737
931,000876.SZ,20170509,13.5407,13.6545,1.5529,3343299.9021
932,000876.SZ,20170508,13.5407,13.6545,1.5529,3343299.9021
933,000876.SZ,20170505,13.5578,13.6718,1.5549,3347515.9171
934,000876.SZ,20170504,13.592,13.7062,1.5588,3355947.9472
935,000876.SZ,20170503,13.6603,13.7751,1.5666,3372812.0072
936,000876.SZ,20170502,13.7798,13.8956,1.5803,3402324.1123
937,000876.SZ,20170428,13.9506,14.0678,1.5999,3444484.2624
938,000876.SZ,20170427,15.5404,13.4777,1.6663,3436052.2323
939,000876.SZ,20170426,15.5404,13.4777,1.6663,3436052.2323
940,000876.SZ,20170425,15.1972,13.18,1.6295,3360163.9622
941,000876.SZ,20170424,15.1209,13.1138,1.6213,3343299.9021
942,000876.SZ,20170421,15.2734,13.2461,1.6377,3377028.0222
943,000876.SZ,20170420,15.2162,13.1965,1.6315,3364379.9772
944,000876.SZ,20170419,15.1209,13.1138,1.6213,3343299.9021
945,000876.SZ,20170418,15.3116,13.2792,1.6417,3385460.0522
946,000876.SZ,20170417,15.3688,13.3288,1.6479,3398108.0973
947,000876.SZ,20170414,15.5594,13.4942,1.6683,3440268.2473
948,000876.SZ,20170413,15.5404,13.4777,1.6663,3436052.2323
949,000876.SZ,20170412,15.5213,13.4611,1.6642,3431836.2173
950,000876.SZ,20170411,15.5976,13.5273,1.6724,3448700.2774
951,000876.SZ,20170410,15.6357,13.5603,1.6765,3457132.3074
952,000876.SZ,20170407,15.4641,13.4115,1.6581,3419188.1723
953,000876.SZ,20170406,15.5785,13.5107,1.6704,3444484.2624
954,000876.SZ,20170405,15.5022,13.4446,1.6622,3427620.2023
955,000876.SZ,20170331,15.3497,13.3123,1.6458,3393892.0822
956,000876.SZ,20170330,15.3116,13.2792,1.6417,3385460.0522
957,000876.SZ,20170329,15.4641,13.4115,1.6581,3419188.1723
958,000876.SZ,20170328,15.5594,13.4942,1.6683,3440268.2473
959,000876.SZ,20170327,15.712,13.6265,1.6847,3473996.3674
960,000876.SZ,20170324,15.7692,13.6761,1.6908,3486644.4124
961,000876.SZ,20170323,15.712,13.6265,1.6847,3473996.3674
962,000876.SZ,20170322,15.3497,13.3123,1.6458,3393892.0822
963,000876.SZ,20170321,15.445,13.395,1.6561,3414972.1573
964,000876.SZ,20170320,15.3688,13.3288,1.6479,3398108.0973
965,000876.SZ,20170317,15.2925,13.2627,1.6397,3381244.0372
966,000876.SZ,20170316,15.3497,13.3123,1.6458,3393892.0822
967,000876.SZ,20170315,15.2925,13.2627,1.6397,3381244.0372
968,000876.SZ,20170314,15.3116,13.2792,1.6417,3385460.0522
969,000876.SZ,20170313,15.4069,13.3619,1.652,3406540.1273
970,000876.SZ,20170310,15.3688,13.3288,1.6479,3398108.0973
971,000876.SZ,20170309,15.3688,13.3288,1.6479,3398108.0973
972,000876.SZ,20170308,15.5594,13.4942,1.6683,3440268.2473
973,000876.SZ,20170307,15.5976,13.5273,1.6724,3448700.2774
974,000876.SZ,20170306,15.5404,13.4777,1.6663,3436052.2323
975,000876.SZ,20170303,15.4641,13.4115,1.6581,3419188.1723
976,000876.SZ,20170302,15.4641,13.4115,1.6581,3419188.1723
977,000876.SZ,20170301,15.5404,13.4777,1.6663,3436052.2323
978,000876.SZ,20170228,15.5785,13.5107,1.6704,3444484.2624
979,000876.SZ,20170227,15.4832,13.4281,1.6601,3423404.1873
980,000876.SZ,20170224,15.6167,13.5438,1.6745,3452916.2924
981,000876.SZ,20170223,15.5976,13.5273,1.6724,3448700.2774
982,000876.SZ,20170222,15.6739,13.5934,1.6806,3465564.3374
983,000876.SZ,20170221,15.7501,13.6596,1.6888,3482428.3974
984,000876.SZ,20170220,15.7501,13.6596,1.6888,3482428.3974
985,000876.SZ,20170217,15.4832,13.4281,1.6601,3423404.1873
986,000876.SZ,20170216,15.6167,13.5438,1.6745,3452916.2924
987,000876.SZ,20170215,15.5594,13.4942,1.6683,3440268.2473
988,000876.SZ,20170214,15.5213,13.4611,1.6642,3431836.2173
989,000876.SZ,20170213,15.5594,13.4942,1.6683,3440268.2473
990,000876.SZ,20170210,15.5022,13.4446,1.6622,3427620.2023
991,000876.SZ,20170209,15.5213,13.4611,1.6642,3431836.2173
992,000876.SZ,20170208,15.5022,13.4446,1.6622,3427620.2023
993,000876.SZ,20170207,15.4641,13.4115,1.6581,3419188.1723
994,000876.SZ,20170206,15.426,13.3784,1.654,3410756.1423
995,000876.SZ,20170203,15.2925,13.2627,1.6397,3381244.0372
996,000876.SZ,20170126,15.3306,13.2958,1.6438,3389676.0672
997,000876.SZ,20170125,15.3306,13.2958,1.6438,3389676.0672
998,000876.SZ,20170124,15.2544,13.2296,1.6356,3372812.0072
999,000876.SZ,20170123,14.9684,12.9816,1.6367,3309578.2597
1000,000876.SZ,20170120,14.893,12.9162,1.6285,3292905.3214
1001,000876.SZ,20170119,14.761,12.8017,1.6141,3263727.6793
1002,000876.SZ,20170118,14.7987,12.8344,1.6182,3272064.1484
1003,000876.SZ,20170117,14.8176,12.8508,1.6202,3276232.383
1004,000876.SZ,20170116,14.7799,12.8181,1.6161,3267895.9139
1005,000876.SZ,20170113,15.1192,13.1124,1.6532,3342924.1364
1006,000876.SZ,20170112,15.1946,13.1778,1.6615,3359597.0747
1007,000876.SZ,20170111,15.2511,13.2268,1.6676,3372101.7785
1008,000876.SZ,20170110,15.3831,13.3413,1.6821,3401279.4205
1009,000876.SZ,20170109,15.3266,13.2922,1.6759,3388774.7168
1010,000876.SZ,20170106,15.3266,13.2922,1.6759,3388774.7168
1011,000876.SZ,20170105,15.402,13.3576,1.6841,3405447.6551
1012,000876.SZ,20170104,15.3643,13.3249,1.68,3397111.186
1013,000876.SZ,20170103,15.3077,13.2759,1.6738,3384606.4822
