,ts_code,trade_date,open,high,low,close,pre_close,change,pct_chg,vol,amount
0,300015.SZ,20201231,73.85,75.5,73.05,74.89,73.85,1.04,1.4083,212388.2,1585707.415
1,300015.SZ,20201230,71.2,74.2,71.2,73.85,71.46,2.39,3.3445,205049.99,1502240.628
2,300015.SZ,20201229,71.5,71.94,70.6,71.46,72.03,-0.57,-0.7913,149094.04,1061931.559
3,300015.SZ,20201228,72.98,72.98,71.6,72.03,72.8,-0.77,-1.0577,148503.17,1071844.017
4,300015.SZ,20201225,72.98,73.38,72.0,72.8,72.7,0.1,0.1376,145304.24,1053748.579
5,300015.SZ,20201224,70.09,73.0,70.0,72.7,70.23,2.47,3.517,211551.62,1516903.095
6,300015.SZ,20201223,69.69,70.98,68.48,70.23,68.9,1.33,1.9303,239337.13,1668982.045
7,300015.SZ,20201222,69.0,71.77,68.55,68.9,69.44,-0.54,-0.7776,305456.37,2145273.348
8,300015.SZ,20201221,69.61,69.83,66.87,69.44,69.5,-0.06,-0.0863,245167.76,1677118.105
9,300015.SZ,20201218,70.82,71.4,69.5,69.5,70.66,-1.16,-1.6417,239077.3,1681337.735
10,300015.SZ,20201217,69.93,71.1,69.34,70.66,69.81,0.85,1.2176,192374.64,1353051.082
11,300015.SZ,20201216,69.0,69.99,68.4,69.81,68.9,0.91,1.3208,144305.41,1000362.333
12,300015.SZ,20201215,68.95,70.25,67.61,68.9,68.85,0.05,0.0726,192775.71,1329070.003
13,300015.SZ,20201214,67.01,69.01,66.4,68.85,67.29,1.56,2.3183,171054.79,1163043.71
14,300015.SZ,20201211,68.88,69.24,66.15,67.29,68.45,-1.16,-1.6947,245797.7,1656191.081
15,300015.SZ,20201210,66.21,68.98,65.65,68.45,66.0,2.45,3.7121,212406.43,1436749.299
16,300015.SZ,20201209,66.64,68.44,65.95,66.0,66.63,-0.63,-0.9455,145591.65,977352.868
17,300015.SZ,20201208,67.09,67.43,66.0,66.63,66.8,-0.17,-0.2545,116686.62,777756.958
18,300015.SZ,20201207,66.9,67.87,66.54,66.8,67.01,-0.21,-0.3134,160382.56,1074767.249
19,300015.SZ,20201204,66.17,68.04,65.86,67.01,66.59,0.42,0.6307,214598.54,1434832.785
20,300015.SZ,20201203,64.17,67.09,64.16,66.59,64.05,2.54,3.9657,291219.65,1926498.38
21,300015.SZ,20201202,65.2,65.37,63.35,64.05,65.28,-1.23,-1.8842,165055.01,1059473.949
22,300015.SZ,20201201,62.01,65.8,61.99,65.28,61.2,4.08,6.6667,259125.19,1676759.638
23,300015.SZ,20201130,62.66,62.94,61.01,61.2,62.62,-1.42,-2.2676,205024.65,1268933.743
24,300015.SZ,20201127,62.01,63.45,61.62,62.62,62.06,0.56,0.9024,100864.33,631109.503
25,300015.SZ,20201126,62.63,63.44,61.1,62.06,62.06,0.0,0.0,159825.69,993311.992
26,300015.SZ,20201125,63.47,63.63,61.6,62.06,63.63,-1.57,-2.4674,155900.68,970691.367
27,300015.SZ,20201124,64.0,64.49,62.2,63.63,64.57,-0.94,-1.4558,185901.49,1174351.913
28,300015.SZ,20201123,64.45,65.47,63.69,64.57,64.45,0.12,0.1862,145504.46,939454.052
29,300015.SZ,20201120,63.1,65.69,63.1,64.45,62.53,1.92,3.0705,218298.95,1412283.507
30,300015.SZ,20201119,62.0,63.5,60.83,62.53,62.5,0.03,0.048,269581.55,1677880.154
31,300015.SZ,20201118,66.59,66.59,61.87,62.5,66.0,-3.5,-5.303,411769.1,2619041.558
32,300015.SZ,20201117,69.48,69.64,65.01,66.0,69.09,-3.09,-4.4724,301766.43,2016282.646
33,300015.SZ,20201116,69.69,69.85,68.1,69.09,68.85,0.24,0.3486,123341.1,848182.945
34,300015.SZ,20201113,69.3,69.5,68.0,68.85,69.71,-0.86,-1.2337,121805.42,837944.641
35,300015.SZ,20201112,68.4,70.18,68.03,69.71,68.07,1.64,2.4093,160367.08,1110751.028
36,300015.SZ,20201111,69.25,70.22,66.9,68.07,69.31,-1.24,-1.7891,213370.29,1457292.415
37,300015.SZ,20201110,68.6,70.36,68.05,69.31,68.67,0.64,0.932,187690.93,1302895.625
38,300015.SZ,20201109,66.01,69.33,65.88,68.67,65.68,2.99,4.5524,212977.34,1445739.101
39,300015.SZ,20201106,66.55,66.7,63.88,65.68,67.01,-1.33,-1.9848,234231.84,1528757.228
40,300015.SZ,20201105,67.12,67.85,65.1,67.01,67.5,-0.49,-0.7259,220224.95,1466828.013
41,300015.SZ,20201104,64.55,67.99,64.2,67.5,64.7,2.8,4.3277,184065.44,1218481.74
42,300015.SZ,20201103,64.0,65.2,63.09,64.7,64.19,0.51,0.7945,166501.49,1068681.534
43,300015.SZ,20201102,62.61,64.58,62.4,64.19,62.26,1.93,3.0999,226639.79,1440849.243
44,300015.SZ,20201030,63.01,63.51,61.38,62.26,62.4,-0.14,-0.2244,171961.42,1070666.906
45,300015.SZ,20201029,62.07,63.08,61.61,62.4,62.89,-0.49,-0.7791,149988.26,935895.101
46,300015.SZ,20201028,62.01,63.51,61.3,62.89,61.46,1.43,2.3267,235775.31,1471948.596
47,300015.SZ,20201027,58.98,61.98,58.51,61.46,56.8,4.66,8.2042,340339.39,2054979.935
48,300015.SZ,20201026,56.72,57.15,54.52,56.8,57.19,-0.39,-0.6819,120841.35,679821.674
49,300015.SZ,20201023,58.42,59.12,56.5,57.19,58.5,-1.31,-2.2393,132421.44,765521.755
50,300015.SZ,20201022,57.66,59.0,57.2,58.5,58.18,0.32,0.55,118432.95,688592.722
51,300015.SZ,20201021,57.46,59.22,57.06,58.18,57.38,0.8,1.3942,156098.72,907523.118
52,300015.SZ,20201020,56.32,57.56,55.9,57.38,56.21,1.17,2.0815,118809.14,678038.566
53,300015.SZ,20201019,57.67,57.8,56.03,56.21,57.08,-0.87,-1.5242,147602.22,835397.292
54,300015.SZ,20201016,57.26,57.66,56.15,57.08,57.26,-0.18,-0.3144,135545.2,773251.662
55,300015.SZ,20201015,57.78,58.07,56.71,57.26,57.76,-0.5,-0.8657,163028.79,933051.462
56,300015.SZ,20201014,58.0,58.4,57.16,57.76,58.05,-0.29,-0.4996,176962.67,1024070.104
57,300015.SZ,20201013,57.1,58.19,56.5,58.05,57.2,0.85,1.486,201492.53,1158597.416
58,300015.SZ,20201012,53.19,57.5,52.85,57.2,53.19,4.01,7.539,288558.14,1601723.238
59,300015.SZ,20201009,51.82,53.34,51.1,53.19,51.42,1.77,3.4422,214072.3,1125462.814
60,300015.SZ,20200930,49.6,52.2,49.6,51.42,49.53,1.89,3.8159,258435.53,1324052.932
61,300015.SZ,20200929,48.7,49.83,48.22,49.53,48.64,0.89,1.8298,167924.7,823620.671
62,300015.SZ,20200928,48.1,49.11,47.6,48.64,48.07,0.57,1.1858,199519.72,965148.392
63,300015.SZ,20200925,47.38,48.56,47.33,48.07,47.3,0.77,1.6279,160787.15,772071.977
64,300015.SZ,20200924,48.0,48.38,47.07,47.3,48.53,-1.23,-2.5345,172530.39,819749.428
65,300015.SZ,20200923,46.99,48.88,46.65,48.53,46.84,1.69,3.608,336309.92,1613367.01
66,300015.SZ,20200922,46.96,47.48,46.65,46.84,47.16,-0.32,-0.6785,156471.44,736188.963
67,300015.SZ,20200921,47.7,48.14,46.94,47.16,47.7,-0.54,-1.1321,165018.97,781677.999
68,300015.SZ,20200918,47.6,47.96,46.88,47.7,47.6,0.1,0.2101,162690.34,772758.958
69,300015.SZ,20200917,48.6,48.69,47.2,47.6,48.67,-1.07,-2.1985,176298.36,840954.896
70,300015.SZ,20200916,49.66,50.15,48.38,48.67,49.78,-1.11,-2.2298,171222.06,836847.12
71,300015.SZ,20200915,49.5,49.9,48.1,49.78,49.66,0.12,0.2416,178522.84,877099.195
72,300015.SZ,20200914,50.03,50.4,49.22,49.66,49.85,-0.19,-0.3811,193240.16,961790.194
73,300015.SZ,20200911,49.13,50.29,49.1,49.85,49.02,0.83,1.6932,179658.59,893169.262
74,300015.SZ,20200910,49.63,50.6,48.68,49.02,49.02,0.0,0.0,188721.84,936306.66
75,300015.SZ,20200909,50.51,50.6,48.77,49.02,50.62,-1.6,-3.1608,249391.98,1233615.686
76,300015.SZ,20200908,51.11,51.98,50.0,50.62,51.03,-0.41,-0.8034,177575.68,904285.598
77,300015.SZ,20200907,52.69,53.3,50.97,51.03,52.5,-1.47,-2.8,272790.59,1415122.039
78,300015.SZ,20200904,52.53,52.98,50.68,52.5,53.65,-1.15,-2.1435,329696.75,1714163.519
79,300015.SZ,20200903,53.18,56.09,52.88,53.65,53.43,0.22,0.4118,327730.76,1789564.647
80,300015.SZ,20200902,53.73,54.4,53.0,53.43,53.73,-0.3,-0.5583,227370.5,1216773.58
81,300015.SZ,20200901,51.72,54.1,51.72,53.73,51.97,1.76,3.3866,286526.02,1525388.34
82,300015.SZ,20200831,51.52,52.76,50.73,51.97,51.23,0.74,1.4445,295348.58,1538115.8
83,300015.SZ,20200828,50.5,51.5,49.81,51.23,50.51,0.72,1.4255,258416.58,1313708.215
84,300015.SZ,20200827,50.22,50.8,49.6,50.51,49.98,0.53,1.0604,271728.14,1364554.047
85,300015.SZ,20200826,47.31,53.06,47.31,49.98,46.35,3.63,7.8317,653728.24,3279552.265
86,300015.SZ,20200825,46.19,46.8,45.8,46.35,46.2,0.15,0.3247,143078.33,664787.175
87,300015.SZ,20200824,45.69,46.38,45.02,46.2,45.3,0.9,1.9868,193372.77,889615.714
88,300015.SZ,20200821,44.44,45.5,44.4,45.3,44.17,1.13,2.5583,147686.84,664797.696
89,300015.SZ,20200820,44.51,44.88,44.01,44.17,44.5,-0.33,-0.7416,120209.26,532879.279
90,300015.SZ,20200819,45.43,45.52,44.46,44.5,45.43,-0.93,-2.0471,130799.49,584913.675
91,300015.SZ,20200818,45.4,46.02,45.28,45.43,45.56,-0.13,-0.2853,113244.56,516635.75
92,300015.SZ,20200817,44.98,45.6,44.82,45.56,44.95,0.61,1.3571,171973.91,778345.811
93,300015.SZ,20200814,44.41,44.98,43.49,44.95,44.4,0.55,1.2387,236624.6,1046547.789
94,300015.SZ,20200813,46.15,46.3,44.32,44.4,45.9,-1.5,-3.268,199526.62,900000.297
95,300015.SZ,20200812,46.2,46.67,45.01,45.9,46.15,-0.25,-0.5417,227886.31,1041050.435
96,300015.SZ,20200811,46.26,48.15,46.08,46.15,46.35,-0.2,-0.4315,252876.9,1192286.878
97,300015.SZ,20200810,46.0,46.42,45.26,46.35,45.87,0.48,1.0464,158115.57,727268.414
98,300015.SZ,20200807,46.92,47.23,45.24,45.87,46.92,-1.05,-2.2379,247512.08,1135551.151
99,300015.SZ,20200806,47.45,47.9,46.2,46.92,47.45,-0.53,-1.117,195676.9,916959.524
100,300015.SZ,20200805,47.7,48.13,47.09,47.45,47.7,-0.25,-0.5241,202103.78,958695.694
101,300015.SZ,20200804,46.84,48.2,46.54,47.7,46.84,0.86,1.836,318131.68,1514729.311
102,300015.SZ,20200803,45.45,47.1,45.1,46.84,45.3,1.54,3.3996,358957.58,1670103.701
103,300015.SZ,20200731,45.39,46.06,44.89,45.3,45.32,-0.02,-0.0441,253572.62,1150988.71
104,300015.SZ,20200730,46.13,46.48,44.91,45.32,46.14,-0.82,-1.7772,234116.41,1069265.004
105,300015.SZ,20200729,45.42,46.29,45.4,46.14,45.73,0.41,0.8966,220636.81,1014859.306
106,300015.SZ,20200728,46.0,46.38,45.05,45.73,46.0,-0.27,-0.587,199911.67,910091.589
107,300015.SZ,20200727,44.0,46.0,44.0,46.0,44.0,2.0,4.5455,347464.23,1573854.795
108,300015.SZ,20200724,45.8,45.91,43.58,44.0,46.08,-2.08,-4.5139,306639.49,1364487.339
109,300015.SZ,20200723,45.45,46.3,45.03,46.08,45.8,0.28,0.6114,259610.5,1188954.463
110,300015.SZ,20200722,45.0,46.3,44.75,45.8,45.3,0.5,1.1038,248823.69,1140307.95
111,300015.SZ,20200721,43.95,45.58,43.8,45.3,43.95,1.35,3.0717,302957.55,1362738.578
112,300015.SZ,20200720,44.44,45.0,43.01,43.95,44.19,-0.24,-0.5431,275253.95,1203549.033
113,300015.SZ,20200717,44.35,45.54,43.8,44.19,44.2,-0.01,-0.0226,325054.36,1448261.264
114,300015.SZ,20200716,47.6,47.6,43.77,44.2,47.71,-3.51,-7.3569,464339.53,2116360.808
115,300015.SZ,20200715,45.93,48.23,45.93,47.71,45.92,1.79,3.8981,461851.89,2188590.713
116,300015.SZ,20200714,46.74,47.3,45.05,45.92,46.83,-0.91,-1.9432,327039.57,1510513.993
117,300015.SZ,20200713,45.93,46.87,45.7,46.83,45.93,0.9,1.9595,393773.54,1825563.09
118,300015.SZ,20200710,45.93,46.77,45.61,45.93,46.35,-0.42,-0.9061,334175.38,1544200.592
119,300015.SZ,20200709,44.35,46.36,44.31,46.35,44.72,1.63,3.6449,407270.69,1852024.055
120,300015.SZ,20200708,44.38,45.45,44.03,44.72,44.38,0.34,0.7661,377652.11,1691869.795
121,300015.SZ,20200707,43.0,44.84,42.65,44.38,43.5,0.88,2.023,525870.62,2312112.034
122,300015.SZ,20200706,43.01,43.8,42.15,43.5,43.25,0.25,0.578,460480.41,1978221.66
123,300015.SZ,20200703,41.97,43.49,41.36,43.25,42.3,0.95,2.2459,434834.97,1854408.475
124,300015.SZ,20200702,43.46,43.46,42.0,42.3,43.46,-1.16,-2.6691,400744.79,1707615.859
125,300015.SZ,20200701,43.9,43.95,42.66,43.46,43.45,0.01,0.023,233319.69,1009633.582
126,300015.SZ,20200630,43.1,44.1,43.07,43.45,43.1,0.35,0.8121,328508.05,1431480.117
127,300015.SZ,20200629,43.95,43.96,42.2,43.1,44.05,-0.95,-2.1566,511235.74,2193763.27
128,300015.SZ,20200624,45.7,45.9,43.07,44.05,46.08,-2.03,-4.4054,614182.63,2714909.733
129,300015.SZ,20200623,45.5,46.28,45.02,46.08,45.76,0.32,0.6993,273971.14,1255183.776
130,300015.SZ,20200622,46.0,46.46,45.05,45.76,46.3,-0.54,-1.1663,360365.12,1645920.289
131,300015.SZ,20200619,44.2,46.3,44.0,46.3,44.22,2.08,4.7038,308315.0,1413471.112
132,300015.SZ,20200618,43.4,44.4,43.2,44.22,43.64,0.58,1.3291,195584.22,856453.082
133,300015.SZ,20200617,43.17,45.0,42.95,43.64,43.2,0.44,1.0185,238428.83,1048759.97
134,300015.SZ,20200616,42.19,43.2,41.9,43.2,41.88,1.32,3.1519,187253.05,801793.284
135,300015.SZ,20200615,42.33,42.65,41.7,41.88,41.96,-0.08,-0.1907,188367.9,792681.314
136,300015.SZ,20200612,40.92,42.6,40.87,41.96,41.42,0.54,1.3037,225971.97,950465.144
137,300015.SZ,20200611,41.7,42.21,41.08,41.42,41.8,-0.38,-0.9091,166010.9,690391.87
138,300015.SZ,20200610,40.53,42.0,40.3,41.8,40.59,1.21,2.981,233138.59,968334.957
139,300015.SZ,20200609,39.78,40.68,39.61,40.59,39.98,0.61,1.5258,131426.41,530804.35
140,300015.SZ,20200608,40.49,41.1,39.6,39.98,40.5,-0.52,-1.284,193590.46,778950.336
141,300015.SZ,20200605,39.65,40.79,39.3,40.5,40.02,0.48,1.1994,196801.57,788700.758
142,300015.SZ,20200604,39.2,40.14,38.9,40.02,39.15,0.87,2.2222,204604.85,810212.206
143,300015.SZ,20200603,39.39,40.0,39.01,39.15,39.3,-0.15,-0.3817,194323.16,763704.283
144,300015.SZ,20200602,40.03,40.33,39.09,39.3,40.33,-1.03,-2.5539,216916.92,856061.505
145,300015.SZ,20200601,39.2,40.66,38.77,40.33,39.16,1.17,2.9877,207710.86,825827.629
146,300015.SZ,20200529,37.5,39.59,37.1,39.16,37.65,1.51,4.0106,290649.14,1131245.393
147,300015.SZ,20200528,37.99,38.14,36.86,37.65,37.8,-0.15,-0.3968,165168.21,618620.851
148,300015.SZ,20200527,50.02,50.21,48.81,49.29,50.02,-0.73,-1.4594,104914.49,517996.021
149,300015.SZ,20200526,48.98,50.37,48.51,50.02,48.71,1.31,2.6894,124783.42,621609.347
150,300015.SZ,20200525,47.9,49.75,47.81,48.71,47.87,0.84,1.7548,116309.97,567381.24
151,300015.SZ,20200522,49.0,49.07,47.32,47.87,48.88,-1.01,-2.0663,121172.13,582427.48
152,300015.SZ,20200521,47.94,49.28,47.93,48.88,47.89,0.99,2.0672,152808.08,745656.017
153,300015.SZ,20200520,48.9,49.08,47.63,47.89,48.75,-0.86,-1.7641,171560.77,825929.169
154,300015.SZ,20200519,49.21,49.75,48.6,48.75,49.1,-0.35,-0.7128,125999.45,616774.652
155,300015.SZ,20200518,47.5,49.75,47.1,49.1,47.74,1.36,2.8488,172607.07,846228.535
156,300015.SZ,20200515,47.65,48.0,46.9,47.74,47.91,-0.17,-0.3548,118163.51,559552.093
157,300015.SZ,20200514,48.07,48.29,47.42,47.91,48.3,-0.39,-0.8075,139807.93,668712.662
158,300015.SZ,20200513,46.32,48.65,46.0,48.3,46.32,1.98,4.2746,225150.7,1077215.927
159,300015.SZ,20200512,45.86,46.77,45.5,46.32,45.6,0.72,1.5789,116595.88,538952.253
160,300015.SZ,20200511,47.25,47.27,45.3,45.6,46.8,-1.2,-2.5641,152597.94,699433.07
161,300015.SZ,20200508,46.68,47.39,45.9,46.8,46.58,0.22,0.4723,129049.19,603769.307
162,300015.SZ,20200507,45.7,46.8,45.3,46.58,45.49,1.09,2.3961,140768.97,650536.013
163,300015.SZ,20200506,44.31,45.78,43.89,45.49,44.39,1.1,2.478,172467.67,772452.148
164,300015.SZ,20200430,45.6,45.65,44.08,44.39,45.68,-1.29,-2.824,169720.41,755974.936
165,300015.SZ,20200429,44.95,47.5,44.88,45.68,45.09,0.59,1.3085,164892.49,763926.032
166,300015.SZ,20200428,44.05,45.6,43.98,45.09,44.3,0.79,1.7833,172804.35,779205.652
167,300015.SZ,20200427,44.03,45.54,43.68,44.3,43.96,0.34,0.7734,173533.73,775541.42
168,300015.SZ,20200424,43.94,44.58,42.5,43.96,44.03,-0.07,-0.159,200191.16,876679.523
169,300015.SZ,20200422,42.68,44.06,42.31,44.03,42.4,1.63,3.8443,206702.42,899861.144
170,300015.SZ,20200421,43.0,43.28,42.01,42.4,43.0,-0.6,-1.3953,124084.25,526647.913
171,300015.SZ,20200420,43.44,43.47,42.7,43.0,43.09,-0.09,-0.2089,119739.13,515814.298
172,300015.SZ,20200417,43.1,43.97,42.8,43.09,43.06,0.03,0.0697,140410.68,607933.726
173,300015.SZ,20200416,43.3,43.3,42.53,43.06,43.31,-0.25,-0.5772,128216.97,550459.255
174,300015.SZ,20200415,43.9,44.08,43.03,43.31,43.74,-0.43,-0.9831,149969.61,650745.298
175,300015.SZ,20200414,43.01,43.85,42.4,43.74,42.58,1.16,2.7243,162118.14,703726.253
176,300015.SZ,20200413,42.67,43.47,42.18,42.58,42.89,-0.31,-0.7228,112233.86,481127.132
177,300015.SZ,20200410,41.9,44.17,41.9,42.89,41.88,1.01,2.4117,282472.69,1223644.474
178,300015.SZ,20200409,40.41,42.44,40.41,41.88,40.26,1.62,4.0238,209254.75,874823.65
179,300015.SZ,20200408,40.0,40.5,39.66,40.26,40.33,-0.07,-0.1736,96061.53,385193.306
180,300015.SZ,20200407,39.92,40.5,39.71,40.33,39.38,0.95,2.4124,142636.54,573763.767
181,300015.SZ,20200403,39.51,39.88,39.3,39.38,39.5,-0.12,-0.3038,89817.03,355156.853
182,300015.SZ,20200402,38.78,39.5,38.55,39.5,38.91,0.59,1.5163,96690.36,378316.872
183,300015.SZ,20200401,39.25,40.08,38.78,38.91,39.38,-0.47,-1.1935,140919.81,556620.722
184,300015.SZ,20200331,38.65,39.7,38.35,39.38,38.15,1.23,3.2241,166230.68,652164.322
185,300015.SZ,20200330,38.12,38.8,37.4,38.15,38.82,-0.67,-1.7259,163567.38,622109.222
186,300015.SZ,20200327,39.3,40.33,38.66,38.82,38.8,0.02,0.0515,177907.88,700702.973
187,300015.SZ,20200326,38.27,39.19,38.2,38.8,38.67,0.13,0.3362,149379.74,579160.602
188,300015.SZ,20200325,38.74,39.12,37.4,38.67,37.26,1.41,3.7842,306289.57,1178182.784
189,300015.SZ,20200324,35.16,37.37,35.1,37.26,34.2,3.06,8.9474,397004.95,1454178.998
190,300015.SZ,20200323,35.0,36.07,34.2,34.2,36.11,-1.91,-5.2894,296058.26,1034836.696
191,300015.SZ,20200320,36.54,36.69,35.4,36.11,36.0,0.11,0.3056,304684.23,1099045.596
192,300015.SZ,20200319,37.8,37.99,34.45,36.0,38.05,-2.05,-5.3876,630070.54,2255308.355
193,300015.SZ,20200318,38.8,39.79,38.05,38.05,38.34,-0.29,-0.7564,239434.59,930354.978
194,300015.SZ,20200317,39.0,39.8,37.3,38.34,38.96,-0.62,-1.5914,265935.9,1017843.145
195,300015.SZ,20200316,41.14,41.5,38.6,38.96,41.15,-2.19,-5.322,261800.1,1039383.461
196,300015.SZ,20200313,39.5,41.66,38.55,41.15,41.58,-0.43,-1.0342,358538.55,1443034.917
197,300015.SZ,20200312,42.7,42.76,40.99,41.58,43.16,-1.58,-3.6608,251998.4,1049391.176
198,300015.SZ,20200311,43.99,44.49,43.05,43.16,43.93,-0.77,-1.7528,145732.48,634613.412
199,300015.SZ,20200310,43.76,44.6,42.85,43.93,43.99,-0.06,-0.1364,258113.1,1127611.058
200,300015.SZ,20200309,44.72,44.88,43.31,43.99,44.9,-0.91,-2.0267,205160.22,905835.462
201,300015.SZ,20200306,44.63,45.5,44.36,44.9,44.71,0.19,0.425,201193.94,906022.028
202,300015.SZ,20200305,43.64,45.29,43.18,44.71,43.6,1.11,2.5459,325829.58,1453120.64
203,300015.SZ,20200304,42.0,43.8,41.92,43.6,42.42,1.18,2.7817,284534.11,1227954.065
204,300015.SZ,20200303,42.58,43.1,41.86,42.42,42.0,0.42,1.0,222385.04,946993.313
205,300015.SZ,20200302,40.55,42.3,40.55,42.0,40.0,2.0,5.0,233565.74,973780.804
206,300015.SZ,20200228,39.9,41.09,39.89,40.0,41.67,-1.67,-4.0077,192996.2,779436.724
207,300015.SZ,20200227,40.89,41.97,40.68,41.67,40.79,0.88,2.1574,173647.73,719551.414
208,300015.SZ,20200226,41.84,42.17,40.43,40.79,42.38,-1.59,-3.7518,254905.44,1047270.271
209,300015.SZ,20200225,41.82,42.58,41.31,42.38,42.7,-0.32,-0.7494,179617.1,756211.245
210,300015.SZ,20200224,42.7,42.99,41.81,42.7,43.3,-0.6,-1.3857,234685.0,993524.544
211,300015.SZ,20200221,43.6,43.7,43.06,43.3,43.8,-0.5,-1.1416,190086.78,824403.741
212,300015.SZ,20200220,41.55,44.28,41.35,43.8,41.51,2.29,5.5167,368881.4,1595378.651
213,300015.SZ,20200219,42.01,42.02,41.43,41.51,42.12,-0.61,-1.4482,132954.64,553248.909
214,300015.SZ,20200218,42.22,42.84,41.82,42.12,42.18,-0.06,-0.1422,172143.67,725923.86
215,300015.SZ,20200217,41.12,42.4,41.1,42.18,41.11,1.07,2.6028,210424.62,884204.266
216,300015.SZ,20200214,41.02,41.79,40.82,41.11,41.32,-0.21,-0.5082,155630.71,642110.88
217,300015.SZ,20200213,41.6,41.62,40.68,41.32,41.78,-0.46,-1.101,180094.47,742289.4
218,300015.SZ,20200212,41.7,42.15,41.15,41.78,41.9,-0.12,-0.2864,167971.52,699404.348
219,300015.SZ,20200211,41.1,42.11,41.1,41.9,41.12,0.78,1.8969,211634.16,881769.394
220,300015.SZ,20200210,40.25,41.69,39.95,41.12,40.3,0.82,2.0347,223926.33,916142.511
221,300015.SZ,20200207,40.0,40.6,39.54,40.3,40.34,-0.04,-0.0992,196294.3,789021.716
222,300015.SZ,20200206,39.38,40.74,39.21,40.34,39.76,0.58,1.4588,234220.17,939434.028
223,300015.SZ,20200205,39.87,40.22,39.0,39.76,39.28,0.48,1.222,321150.53,1269249.546
224,300015.SZ,20200204,37.2,39.55,37.2,39.28,36.83,2.45,6.6522,358439.85,1389885.108
225,300015.SZ,20200203,36.5,38.5,36.0,36.83,40.0,-3.17,-7.925,567712.6,2110705.068
226,300015.SZ,20200123,41.89,42.11,39.49,40.0,42.38,-2.38,-5.6159,425632.68,1720662.764
227,300015.SZ,20200122,42.5,42.7,41.73,42.38,42.75,-0.37,-0.8655,175958.3,742259.974
228,300015.SZ,20200121,43.0,43.8,42.42,42.75,43.04,-0.29,-0.6738,166768.87,715964.143
229,300015.SZ,20200120,43.4,43.7,42.53,43.04,42.99,0.05,0.1163,200492.73,863286.354
230,300015.SZ,20200117,42.63,43.66,42.13,42.99,42.66,0.33,0.7736,269548.76,1160758.598
231,300015.SZ,20200116,41.12,42.95,40.87,42.66,41.08,1.58,3.8462,359197.45,1521874.731
232,300015.SZ,20200115,41.22,41.63,40.79,41.08,41.22,-0.14,-0.3396,155713.58,640515.54
233,300015.SZ,20200114,41.11,41.7,40.86,41.22,41.53,-0.31,-0.7464,202201.62,831318.297
234,300015.SZ,20200113,41.33,41.65,40.4,41.53,41.76,-0.23,-0.5508,239799.18,984893.98
235,300015.SZ,20200110,41.94,41.98,41.09,41.76,41.44,0.32,0.7722,266213.95,1106917.928
236,300015.SZ,20200109,39.3,42.18,39.3,41.44,38.81,2.63,6.7766,507399.46,2077235.838
237,300015.SZ,20200108,39.03,39.76,38.81,38.81,39.19,-0.38,-0.9696,176370.83,692460.632
238,300015.SZ,20200107,38.57,39.26,38.5,39.19,38.54,0.65,1.6866,210833.93,820175.439
239,300015.SZ,20200106,39.29,39.29,38.12,38.54,39.39,-0.85,-2.1579,271477.01,1047719.473
240,300015.SZ,20200103,39.6,39.84,39.12,39.39,39.5,-0.11,-0.2785,197907.93,780537.326
241,300015.SZ,20200102,39.86,39.86,39.0,39.5,39.56,-0.06,-0.1517,210446.77,827601.074
242,300015.SZ,20191231,38.76,39.98,38.75,39.56,38.68,0.88,2.2751,229802.94,908331.958
243,300015.SZ,20191230,38.3,38.92,38.0,38.68,38.56,0.12,0.3112,161748.93,624633.69
244,300015.SZ,20191227,38.74,39.13,38.44,38.56,39.0,-0.44,-1.1282,159458.71,618653.079
245,300015.SZ,20191226,39.18,39.37,38.62,39.0,38.97,0.03,0.077,142667.61,556330.475
246,300015.SZ,20191225,38.4,39.05,38.18,38.97,38.49,0.48,1.2471,147422.34,570085.47
247,300015.SZ,20191224,39.15,39.35,38.3,38.49,39.14,-0.65,-1.6607,193254.82,745662.695
248,300015.SZ,20191223,39.03,39.89,39.01,39.14,39.0,0.14,0.359,159340.6,628171.217
249,300015.SZ,20191220,39.65,39.65,38.85,39.0,39.44,-0.44,-1.1156,167780.07,657179.34
250,300015.SZ,20191219,39.6,39.9,39.09,39.44,39.53,-0.09,-0.2277,168234.19,661958.406
251,300015.SZ,20191218,40.2,40.34,39.46,39.53,40.35,-0.82,-2.0322,234635.27,932922.752
252,300015.SZ,20191217,39.93,40.5,39.66,40.35,40.15,0.2,0.4981,242982.71,974474.923
253,300015.SZ,20191216,40.9,40.91,39.9,40.15,40.83,-0.68,-1.6654,272344.11,1092294.292
254,300015.SZ,20191213,40.3,40.95,40.03,40.83,39.93,0.9,2.2539,198267.28,805992.819
255,300015.SZ,20191212,40.19,40.3,39.7,39.93,40.2,-0.27,-0.6716,106288.39,425064.315
256,300015.SZ,20191211,40.39,40.47,39.93,40.2,40.23,-0.03,-0.0746,109422.93,439770.923
257,300015.SZ,20191210,39.59,40.68,39.45,40.23,39.99,0.24,0.6002,172723.61,694860.98
258,300015.SZ,20191209,41.35,41.55,39.6,39.99,41.3,-1.31,-3.1719,250805.85,1007171.512
259,300015.SZ,20191206,40.6,41.48,40.55,41.3,40.69,0.61,1.4991,190019.17,779913.544
260,300015.SZ,20191205,40.5,41.16,40.4,40.69,40.3,0.39,0.9677,201125.69,819746.717
261,300015.SZ,20191204,40.34,40.73,40.0,40.3,40.34,-0.04,-0.0992,152822.67,617681.475
262,300015.SZ,20191203,39.78,40.58,39.04,40.34,39.98,0.36,0.9005,186521.71,743627.215
263,300015.SZ,20191202,39.83,40.36,39.42,39.98,39.92,0.06,0.1503,188877.45,754281.834
264,300015.SZ,20191129,41.43,41.68,39.41,39.92,41.82,-1.9,-4.5433,361702.52,1447857.135
265,300015.SZ,20191128,41.59,42.18,41.07,41.82,41.39,0.43,1.0389,166875.24,695832.132
266,300015.SZ,20191127,41.74,41.79,40.18,41.39,41.94,-0.55,-1.3114,275269.76,1130793.475
267,300015.SZ,20191126,42.1,42.43,41.32,41.94,41.8,0.14,0.3349,254770.31,1065199.045
268,300015.SZ,20191125,42.0,42.3,40.5,41.8,41.99,-0.19,-0.4525,296971.38,1232530.03
269,300015.SZ,20191122,43.66,44.88,40.76,41.99,44.0,-2.01,-4.5682,579804.61,2479129.605
270,300015.SZ,20191121,46.6,46.63,43.66,44.0,47.06,-3.06,-6.5023,447051.26,2005063.132
271,300015.SZ,20191120,47.55,47.68,46.61,47.06,47.75,-0.69,-1.445,231336.58,1087637.835
272,300015.SZ,20191119,45.55,47.75,45.4,47.75,45.6,2.15,4.7149,215833.47,1014933.127
273,300015.SZ,20191118,44.9,45.64,44.51,45.6,45.13,0.47,1.0414,143707.9,646905.624
274,300015.SZ,20191115,45.88,46.3,45.0,45.13,45.9,-0.77,-1.6776,135648.24,615536.346
275,300015.SZ,20191114,45.15,46.46,45.0,45.9,45.62,0.28,0.6138,141922.06,648052.211
276,300015.SZ,20191113,43.12,46.18,42.95,45.62,43.13,2.49,5.7732,249028.68,1116967.599
277,300015.SZ,20191112,41.63,43.48,41.63,43.13,41.64,1.49,3.5783,181532.16,777992.186
278,300015.SZ,20191111,41.18,42.1,41.0,41.64,41.4,0.24,0.5797,132591.51,553225.116
279,300015.SZ,20191108,41.78,41.99,41.3,41.4,41.4,0.0,0.0,105488.91,439260.199
280,300015.SZ,20191107,40.7,41.76,40.69,41.4,40.81,0.59,1.4457,144999.49,599880.754
281,300015.SZ,20191106,41.7,41.7,40.47,40.81,41.95,-1.14,-2.7175,245011.4,1000575.119
282,300015.SZ,20191105,42.15,42.15,41.4,41.95,42.21,-0.26,-0.616,126849.65,530146.537
283,300015.SZ,20191104,41.4,42.4,41.3,42.21,41.94,0.27,0.6438,144627.21,605924.988
284,300015.SZ,20191101,39.62,42.0,39.4,41.94,39.56,2.38,6.0162,219927.21,902562.971
285,300015.SZ,20191031,39.59,40.05,39.11,39.56,40.09,-0.53,-1.322,171217.05,676941.902
286,300015.SZ,20191030,38.81,40.88,38.81,40.09,38.18,1.91,5.0026,287729.1,1145148.982
287,300015.SZ,20191022,37.37,38.24,37.35,38.18,37.09,1.09,2.9388,116289.96,439981.23
288,300015.SZ,20191021,37.66,38.16,36.55,37.09,37.84,-0.75,-1.982,165201.37,613879.614
289,300015.SZ,20191018,37.92,38.3,37.58,37.84,38.08,-0.24,-0.6303,118419.95,448288.007
290,300015.SZ,20191017,38.12,38.56,37.71,38.08,37.98,0.1,0.2633,113095.81,430318.896
291,300015.SZ,20191016,37.35,38.45,37.1,37.98,37.2,0.78,2.0968,178826.68,680028.833
292,300015.SZ,20191015,36.8,37.43,36.6,37.2,36.6,0.6,1.6393,110312.78,409155.053
293,300015.SZ,20191014,36.95,37.17,36.45,36.6,36.58,0.02,0.0547,88479.17,325349.21
294,300015.SZ,20191011,36.8,36.85,36.4,36.58,36.8,-0.22,-0.5978,91799.74,336166.822
295,300015.SZ,20191010,35.47,36.95,35.21,36.8,35.43,1.37,3.8668,144137.35,521145.874
296,300015.SZ,20191009,36.03,36.05,35.2,35.43,36.08,-0.65,-1.8016,91115.05,323372.726
297,300015.SZ,20191008,35.2,36.19,35.11,36.08,35.47,0.61,1.7198,112520.67,404260.36
298,300015.SZ,20190930,35.16,35.96,35.0,35.47,35.16,0.31,0.8817,113374.12,402761.862
299,300015.SZ,20190927,35.38,35.45,34.71,35.16,35.35,-0.19,-0.5375,83873.43,293890.526
300,300015.SZ,20190926,35.41,35.87,35.04,35.35,35.26,0.09,0.2552,94758.17,335229.18
301,300015.SZ,20190925,35.55,36.25,35.11,35.26,35.75,-0.49,-1.3706,134806.45,478696.925
302,300015.SZ,20190924,35.45,35.78,35.29,35.75,35.29,0.46,1.3035,104982.53,373193.908
303,300015.SZ,20190923,35.63,35.74,34.93,35.29,35.55,-0.26,-0.7314,95562.06,336526.599
304,300015.SZ,20190920,35.75,35.88,35.3,35.55,35.57,-0.02,-0.0562,117387.28,418273.611
305,300015.SZ,20190919,34.68,36.05,34.68,35.57,34.51,1.06,3.0716,196655.26,697881.083
306,300015.SZ,20190918,33.64,34.76,33.5,34.51,33.64,0.87,2.5862,164713.94,565167.09
307,300015.SZ,20190917,33.98,34.15,33.6,33.64,34.17,-0.53,-1.5511,86283.32,291426.524
308,300015.SZ,20190916,33.95,34.23,33.72,34.17,33.87,0.3,0.8857,81736.57,278277.446
309,300015.SZ,20190912,34.01,34.01,33.5,33.87,33.96,-0.09,-0.265,91399.27,308242.998
310,300015.SZ,20190911,34.47,34.82,33.52,33.96,34.3,-0.34,-0.9913,135176.7,460099.316
311,300015.SZ,20190910,34.43,34.85,33.88,34.3,34.33,-0.03,-0.0874,135188.65,465804.729
312,300015.SZ,20190909,34.16,34.7,33.74,34.33,33.9,0.43,1.2684,154122.08,528973.319
313,300015.SZ,20190906,34.16,34.16,33.39,33.9,33.68,0.22,0.6532,104278.14,352518.907
314,300015.SZ,20190905,34.02,34.19,33.45,33.68,33.95,-0.27,-0.7953,141245.71,477334.558
315,300015.SZ,20190904,34.0,34.02,33.1,33.95,34.03,-0.08,-0.2351,123960.48,416994.259
316,300015.SZ,20190903,34.28,34.28,33.65,34.03,34.17,-0.14,-0.4097,125480.96,424989.465
317,300015.SZ,20190902,34.05,34.88,34.0,34.17,33.78,0.39,1.1545,169877.43,581907.456
318,300015.SZ,20190830,33.44,34.46,33.39,33.78,33.29,0.49,1.4719,195244.72,663396.793
319,300015.SZ,20190829,34.0,34.0,33.2,33.29,34.1,-0.81,-2.3754,151526.46,506109.208
320,300015.SZ,20190828,34.21,34.25,33.61,34.1,34.01,0.09,0.2646,94474.69,321150.848
321,300015.SZ,20190827,33.8,34.48,33.55,34.01,33.52,0.49,1.4618,178889.2,609879.286
322,300015.SZ,20190826,33.3,34.2,32.85,33.52,33.57,-0.05,-0.1489,134823.89,450755.754
323,300015.SZ,20190823,32.65,34.16,32.45,33.57,32.82,0.75,2.2852,191103.22,638482.97
324,300015.SZ,20190822,31.84,32.85,31.76,32.82,31.77,1.05,3.305,146688.39,474613.098
325,300015.SZ,20190821,32.0,32.0,31.55,31.77,32.0,-0.23,-0.7188,70537.46,223941.782
326,300015.SZ,20190820,32.01,32.3,31.79,32.0,32.08,-0.08,-0.2494,86402.36,276625.193
327,300015.SZ,20190819,32.19,32.48,31.86,32.08,31.88,0.2,0.6274,123533.87,396289.291
328,300015.SZ,20190816,31.75,32.26,31.53,31.88,31.65,0.23,0.7267,130357.02,417039.281
329,300015.SZ,20190815,31.22,32.0,31.1,31.65,31.55,0.1,0.317,132612.82,419072.878
330,300015.SZ,20190814,31.33,31.65,31.05,31.55,30.99,0.56,1.807,120241.2,377705.327
331,300015.SZ,20190813,30.92,31.21,30.88,30.99,31.09,-0.1,-0.3216,58643.61,182045.555
332,300015.SZ,20190812,31.0,31.39,30.86,31.09,30.88,0.21,0.6801,95067.46,295436.798
333,300015.SZ,20190809,31.0,31.27,30.68,30.88,30.9,-0.02,-0.0647,114880.41,355722.955
334,300015.SZ,20190808,29.87,30.97,29.81,30.9,29.87,1.03,3.4483,163004.11,500391.039
335,300015.SZ,20190807,29.31,30.08,29.31,29.87,29.1,0.77,2.646,113222.08,336811.68
336,300015.SZ,20190806,29.19,29.5,28.8,29.1,29.68,-0.58,-1.9542,134464.56,392389.469
337,300015.SZ,20190805,30.35,30.53,29.68,29.68,30.45,-0.77,-2.5287,120040.9,360612.301
338,300015.SZ,20190802,29.92,30.75,29.68,30.45,30.24,0.21,0.6944,144892.48,440805.888
339,300015.SZ,20190801,30.53,30.54,30.16,30.24,30.49,-0.25,-0.8199,69926.05,212226.407
340,300015.SZ,20190731,30.49,30.8,30.3,30.49,30.48,0.01,0.0328,63883.71,194717.05
341,300015.SZ,20190730,30.99,31.02,30.45,30.48,30.81,-0.33,-1.0711,92831.93,284818.3
342,300015.SZ,20190729,31.0,31.08,30.7,30.81,30.89,-0.08,-0.259,88554.05,273171.686
343,300015.SZ,20190726,30.16,30.98,29.88,30.89,30.06,0.83,2.7611,149423.85,458061.313
344,300015.SZ,20190725,30.07,30.2,29.88,30.06,30.11,-0.05,-0.1661,82013.15,246279.698
345,300015.SZ,20190724,30.1,30.4,29.98,30.11,30.03,0.08,0.2664,92134.29,278336.058
346,300015.SZ,20190723,29.91,30.08,29.67,30.03,29.81,0.22,0.738,66968.64,200291.395
347,300015.SZ,20190722,29.93,30.05,29.41,29.81,29.72,0.09,0.3028,88282.49,263536.085
348,300015.SZ,20190719,29.71,30.24,29.53,29.72,29.57,0.15,0.5073,97629.92,291464.881
349,300015.SZ,20190718,30.15,30.18,29.57,29.57,30.33,-0.76,-2.5058,133519.03,397597.151
350,300015.SZ,20190717,30.3,30.47,30.11,30.33,30.44,-0.11,-0.3614,76001.37,230337.181
351,300015.SZ,20190716,30.77,30.91,30.3,30.44,30.78,-0.34,-1.1046,91905.93,280349.56
352,300015.SZ,20190715,30.38,30.95,29.98,30.78,30.3,0.48,1.5842,130660.24,399008.96
353,300015.SZ,20190712,30.58,30.75,30.14,30.3,30.5,-0.2,-0.6557,117150.7,355679.019
354,300015.SZ,20190711,30.69,30.9,30.29,30.5,30.55,-0.05,-0.1637,98830.0,302161.639
355,300015.SZ,20190710,31.18,31.19,30.37,30.55,31.0,-0.45,-1.4516,115642.96,354108.098
356,300015.SZ,20190709,30.74,31.33,30.51,31.0,30.74,0.26,0.8458,123410.28,381998.428
357,300015.SZ,20190708,30.76,30.91,30.2,30.74,30.78,-0.04,-0.13,137204.83,419258.22
358,300015.SZ,20190705,30.36,30.93,30.28,30.78,30.25,0.53,1.7521,159019.36,487778.651
359,300015.SZ,20190704,31.08,31.1,30.0,30.25,30.96,-0.71,-2.2933,233635.77,707310.586
360,300015.SZ,20190703,31.69,31.69,30.93,30.96,31.77,-0.81,-2.5496,175537.37,548332.672
361,300015.SZ,20190702,31.82,32.09,31.56,31.77,31.88,-0.11,-0.345,147397.38,468759.703
362,300015.SZ,20190701,31.32,31.89,30.79,31.88,30.97,0.91,2.9383,230008.77,722088.564
363,300015.SZ,20190628,30.9,31.14,30.52,30.97,31.0,-0.03,-0.0968,102522.19,315714.856
364,300015.SZ,20190627,31.02,31.5,30.69,31.0,31.04,-0.04,-0.1289,170693.32,529729.017
365,300015.SZ,20190626,30.32,31.09,30.16,31.04,30.5,0.54,1.7705,154383.76,473754.464
366,300015.SZ,20190625,30.25,30.5,29.8,30.5,30.08,0.42,1.3963,145301.01,439182.762
367,300015.SZ,20190624,30.02,30.49,29.67,30.08,30.2,-0.12,-0.3974,125638.62,378653.135
368,300015.SZ,20190621,30.18,30.86,29.88,30.2,29.98,0.22,0.7338,203008.46,616018.173
369,300015.SZ,20190620,29.19,30.23,29.11,29.98,29.36,0.62,2.1117,201480.53,602451.159
370,300015.SZ,20190619,29.97,30.15,29.36,29.36,29.35,0.01,0.0341,136757.78,405892.825
371,300015.SZ,20190618,28.87,29.65,28.68,29.35,28.83,0.52,1.8037,155469.94,454929.99
372,300015.SZ,20190617,28.65,29.05,28.48,28.83,28.5,0.33,1.1579,100417.01,289012.453
373,300015.SZ,20190614,28.92,29.25,28.5,28.5,28.84,-0.34,-1.1789,126227.45,363934.832
374,300015.SZ,20190613,29.27,29.28,28.69,28.84,29.18,-0.34,-1.1652,105097.6,304159.825
375,300015.SZ,20190612,29.1,29.38,28.72,29.18,29.34,-0.16,-0.5453,119162.71,345536.898
376,300015.SZ,20190611,28.6,29.34,28.5,29.34,28.6,0.74,2.5874,162744.16,473514.697
377,300015.SZ,20190610,28.0,28.89,27.83,28.6,28.09,0.51,1.8156,126474.21,360126.089
378,300015.SZ,20190606,27.87,28.47,27.37,28.09,27.84,0.25,0.898,146196.64,410170.883
379,300015.SZ,20190605,28.75,28.93,27.38,27.84,28.54,-0.7,-2.4527,178877.06,501587.174
380,300015.SZ,20190604,37.43,37.87,36.88,37.3,37.46,-0.16,-0.4271,84413.54,313867.985
381,300015.SZ,20190603,38.3,38.38,37.12,37.46,38.29,-0.83,-2.1677,140623.9,530818.125
382,300015.SZ,20190531,37.99,38.8,37.61,38.29,37.75,0.54,1.4305,124880.0,477467.897
383,300015.SZ,20190530,37.22,38.13,36.83,37.75,37.13,0.62,1.6698,139754.84,524731.018
384,300015.SZ,20190529,37.0,37.68,36.66,37.13,37.89,-0.76,-2.0058,109333.1,407066.454
385,300015.SZ,20190528,35.98,37.89,35.8,37.89,35.8,2.09,5.838,215101.61,791046.747
386,300015.SZ,20190527,35.27,36.15,34.81,35.8,35.4,0.4,1.1299,111630.79,395846.041
387,300015.SZ,20190524,35.4,35.74,35.03,35.4,35.39,0.01,0.0283,79969.26,282794.632
388,300015.SZ,20190523,36.09,36.09,35.21,35.39,36.29,-0.9,-2.48,100260.46,356176.274
389,300015.SZ,20190522,36.75,36.76,35.95,36.29,36.8,-0.51,-1.3859,112316.13,408155.694
390,300015.SZ,20190521,36.35,36.98,35.9,36.8,36.69,0.11,0.2998,127313.13,463315.085
391,300015.SZ,20190520,36.2,37.18,35.53,36.69,36.3,0.39,1.0744,126563.41,460638.249
392,300015.SZ,20190517,36.4,37.37,36.01,36.3,36.39,-0.09,-0.2473,142932.71,525945.273
393,300015.SZ,20190516,36.18,36.67,35.79,36.39,36.1,0.29,0.8033,94375.04,342307.7
394,300015.SZ,20190515,35.56,36.46,35.2,36.1,35.12,0.98,2.7904,130003.48,467167.189
395,300015.SZ,20190514,35.6,35.77,34.9,35.12,35.84,-0.72,-2.0089,110592.34,390526.641
396,300015.SZ,20190513,34.42,36.62,34.39,35.84,35.12,0.72,2.0501,150688.25,536714.54
397,300015.SZ,20190510,34.4,35.45,33.55,35.12,33.71,1.41,4.1827,154356.54,534381.02
398,300015.SZ,20190509,34.5,34.98,33.48,33.71,35.09,-1.38,-3.9327,169087.58,577206.035
399,300015.SZ,20190508,36.01,36.16,34.8,35.09,36.8,-1.71,-4.6467,176734.41,629312.056
400,300015.SZ,20190507,34.64,37.16,34.64,36.8,34.5,2.3,6.6667,217604.12,784894.029
401,300015.SZ,20190506,35.98,36.5,34.47,34.5,37.33,-2.83,-7.581,245417.43,868075.838
402,300015.SZ,20190430,37.0,37.73,36.36,37.33,37.09,0.24,0.6471,121356.2,450318.858
403,300015.SZ,20190429,36.03,38.15,35.9,37.09,36.07,1.02,2.8278,215106.46,804371.396
404,300015.SZ,20190426,35.9,36.36,35.13,36.07,35.73,0.34,0.9516,203377.74,729830.009
405,300015.SZ,20190425,34.88,36.75,34.41,35.73,34.92,0.81,2.3196,239967.39,857529.823
406,300015.SZ,20190424,34.22,34.95,33.92,34.92,34.15,0.77,2.2548,102519.96,353284.009
407,300015.SZ,20190423,34.37,34.84,33.92,34.15,34.46,-0.31,-0.8996,112636.3,387048.875
408,300015.SZ,20190422,33.59,34.65,33.41,34.46,33.78,0.68,2.013,129649.58,444334.927
409,300015.SZ,20190419,33.67,33.97,33.43,33.78,33.69,0.09,0.2671,43302.44,145604.87
410,300015.SZ,20190418,33.98,34.21,33.43,33.69,33.76,-0.07,-0.2073,59304.94,200462.393
411,300015.SZ,20190417,33.42,33.97,33.02,33.76,33.4,0.36,1.0778,123061.39,412195.363
412,300015.SZ,20190416,32.85,33.42,32.3,33.4,32.8,0.6,1.8293,101503.57,333908.312
413,300015.SZ,20190415,33.78,34.28,32.8,32.8,33.69,-0.89,-2.6417,142422.6,474796.297
414,300015.SZ,20190412,33.0,33.69,32.8,33.69,33.07,0.62,1.8748,88892.58,295451.26
415,300015.SZ,20190411,34.3,34.37,33.03,33.07,34.32,-1.25,-3.6422,122589.65,409610.424
416,300015.SZ,20190410,34.83,34.83,34.09,34.32,34.5,-0.18,-0.5217,134721.82,463662.123
417,300015.SZ,20190409,33.09,34.62,32.88,34.5,33.21,1.29,3.8844,158847.33,541161.181
418,300015.SZ,20190408,33.98,34.47,33.0,33.21,33.6,-0.39,-1.1607,107242.39,360593.35
419,300015.SZ,20190404,33.58,34.0,33.33,33.6,33.8,-0.2,-0.5917,87422.13,294176.963
420,300015.SZ,20190403,33.6,34.0,33.4,33.8,33.82,-0.02,-0.0591,87357.82,293866.78
421,300015.SZ,20190402,34.31,34.39,33.51,33.82,34.38,-0.56,-1.6289,132689.88,449588.928
422,300015.SZ,20190401,34.27,34.86,34.01,34.38,34.0,0.38,1.1176,182244.93,628324.796
423,300015.SZ,20190329,32.48,34.0,32.48,34.0,32.43,1.57,4.8412,231549.69,773980.966
424,300015.SZ,20190328,32.31,32.6,32.01,32.43,32.44,-0.01,-0.0308,93777.42,303629.67
425,300015.SZ,20190327,31.65,32.45,31.23,32.44,31.27,1.17,3.7416,129608.89,415362.92
426,300015.SZ,20190326,31.5,31.86,31.19,31.27,31.49,-0.22,-0.6986,80100.13,252586.547
427,300015.SZ,20190325,31.92,32.18,31.46,31.49,32.26,-0.77,-2.3869,99548.69,316492.6
428,300015.SZ,20190322,32.25,32.53,32.11,32.26,32.3,-0.04,-0.1238,97333.85,314182.835
429,300015.SZ,20190321,32.5,32.55,32.1,32.3,32.59,-0.29,-0.8898,105098.89,339414.326
430,300015.SZ,20190320,32.78,32.85,32.07,32.59,32.68,-0.09,-0.2754,97300.71,316061.664
431,300015.SZ,20190319,33.45,34.23,32.24,32.68,33.44,-0.76,-2.2727,174368.16,575058.884
432,300015.SZ,20190318,32.0,33.5,32.0,33.44,32.22,1.22,3.7865,202623.1,668115.678
433,300015.SZ,20190315,31.6,32.57,31.56,32.22,31.41,0.81,2.5788,156812.74,505245.828
434,300015.SZ,20190314,31.13,32.06,31.13,31.41,31.35,0.06,0.1914,125831.99,397842.96
435,300015.SZ,20190313,31.7,32.33,31.11,31.35,31.75,-0.4,-1.2598,140105.27,443043.437
436,300015.SZ,20190312,32.19,32.48,31.5,31.75,31.94,-0.19,-0.5949,136729.26,437344.358
437,300015.SZ,20190311,30.69,31.98,30.69,31.94,30.69,1.25,4.073,143345.41,452067.806
438,300015.SZ,20190308,31.36,31.74,30.69,30.69,31.86,-1.17,-3.6723,173227.75,539820.929
439,300015.SZ,20190307,32.8,32.85,31.6,31.86,32.96,-1.1,-3.3374,174782.51,559572.904
440,300015.SZ,20190306,32.7,33.11,32.28,32.96,32.82,0.14,0.4266,146353.78,478556.334
441,300015.SZ,20190305,33.0,33.15,32.33,32.82,33.15,-0.33,-0.9955,164041.58,535258.708
442,300015.SZ,20190304,33.4,33.9,32.6,33.15,33.14,0.01,0.0302,254637.84,847330.577
443,300015.SZ,20190301,33.5,33.63,32.3,33.14,32.17,0.97,3.0152,175886.62,579055.869
444,300015.SZ,20190228,31.3,32.47,31.29,32.17,31.0,1.17,3.7742,160988.92,516121.83
445,300015.SZ,20190227,31.67,31.87,30.88,31.0,32.16,-1.16,-3.607,188627.3,590134.381
446,300015.SZ,20190226,32.43,33.58,32.0,32.16,32.49,-0.33,-1.0157,191386.2,626057.635
447,300015.SZ,20190225,31.32,32.5,31.32,32.49,31.58,0.91,2.8816,160433.12,514847.425
448,300015.SZ,20190222,31.33,31.58,30.85,31.58,31.3,0.28,0.8946,82926.09,259302.524
449,300015.SZ,20190221,31.3,31.98,31.2,31.3,31.28,0.02,0.0639,92583.18,292658.528
450,300015.SZ,20190220,31.79,32.0,31.02,31.28,31.82,-0.54,-1.697,113111.86,355515.942
451,300015.SZ,20190219,31.7,32.27,30.98,31.82,31.56,0.26,0.8238,152442.08,482247.816
452,300015.SZ,20190218,29.81,31.62,29.8,31.56,29.69,1.87,6.2984,159900.1,499348.16
453,300015.SZ,20190215,29.72,30.48,29.63,29.69,29.7,-0.01,-0.0337,128708.05,385697.524
454,300015.SZ,20190214,29.99,30.01,29.41,29.7,29.83,-0.13,-0.4358,78920.06,234925.293
455,300015.SZ,20190213,29.45,30.0,29.3,29.83,29.22,0.61,2.0876,124350.4,369427.444
456,300015.SZ,20190212,29.1,29.74,28.98,29.22,29.05,0.17,0.5852,104505.21,306733.446
457,300015.SZ,20190211,28.28,29.16,28.17,29.05,28.27,0.78,2.7591,119030.7,341258.573
458,300015.SZ,20190201,27.15,28.48,27.1,28.27,27.16,1.11,4.0869,173013.78,484117.9
459,300015.SZ,20190131,27.28,27.36,25.8,27.16,27.17,-0.01,-0.0368,117151.44,313758.998
460,300015.SZ,20190130,27.48,27.58,27.09,27.17,27.46,-0.29,-1.0561,58369.74,159300.398
461,300015.SZ,20190129,27.09,27.51,27.05,27.46,27.1,0.36,1.3284,98171.73,268357.956
462,300015.SZ,20190128,27.02,27.59,26.89,27.1,26.81,0.29,1.0817,109227.32,298062.92
463,300015.SZ,20190125,26.64,27.14,26.6,26.81,26.72,0.09,0.3368,88943.86,239684.943
464,300015.SZ,20190124,26.82,26.97,26.05,26.72,26.9,-0.18,-0.6691,91218.71,242034.007
465,300015.SZ,20190123,26.8,27.14,26.74,26.9,26.84,0.06,0.2235,40810.76,109877.094
466,300015.SZ,20190122,27.43,27.48,26.78,26.84,27.43,-0.59,-2.1509,70580.29,190667.277
467,300015.SZ,20190121,27.02,27.85,27.0,27.43,27.0,0.43,1.5926,149317.82,411621.366
468,300015.SZ,20190118,26.82,27.11,26.62,27.0,26.72,0.28,1.0479,115901.32,311985.293
469,300015.SZ,20190117,26.7,27.09,26.6,26.72,26.89,-0.17,-0.6322,85282.25,228526.526
470,300015.SZ,20190116,26.34,27.1,26.23,26.89,26.3,0.59,2.2433,130355.24,349617.624
471,300015.SZ,20190115,25.85,26.34,25.62,26.3,25.69,0.61,2.3745,122018.52,319094.636
472,300015.SZ,20190114,26.01,26.1,25.38,25.69,25.95,-0.26,-1.0019,84277.84,217815.923
473,300015.SZ,20190111,26.48,26.49,25.77,25.95,26.27,-0.32,-1.2181,69273.47,180387.734
474,300015.SZ,20190110,26.28,26.53,26.12,26.27,26.13,0.14,0.5358,82162.75,216363.056
475,300015.SZ,20190109,25.85,26.52,25.76,26.13,25.9,0.23,0.888,95246.19,250617.188
476,300015.SZ,20190108,26.0,26.34,25.73,25.9,26.0,-0.1,-0.3846,63679.5,165850.708
477,300015.SZ,20190107,25.65,26.4,25.41,26.0,25.7,0.3,1.1673,142320.17,368942.106
478,300015.SZ,20190104,24.54,25.7,24.5,25.7,24.8,0.9,3.629,146946.78,371459.305
479,300015.SZ,20190103,24.62,25.08,24.4,24.8,24.62,0.18,0.7311,99983.38,247799.936
480,300015.SZ,20190102,26.01,26.12,24.56,24.62,26.3,-1.68,-6.3878,207739.4,522760.643
481,300015.SZ,20181228,26.12,26.45,25.35,26.3,26.12,0.18,0.6891,145054.4,374566.807
482,300015.SZ,20181227,26.65,26.68,26.07,26.12,26.18,-0.06,-0.2292,99960.4,263216.371
483,300015.SZ,20181226,26.68,26.68,25.97,26.18,26.59,-0.41,-1.5419,84942.27,222859.157
484,300015.SZ,20181225,26.1,26.77,25.99,26.59,26.75,-0.16,-0.5981,99102.39,260831.318
485,300015.SZ,20181224,26.28,27.15,26.0,26.75,26.35,0.4,1.518,100576.87,268471.74
486,300015.SZ,20181221,26.74,26.74,25.85,26.35,26.83,-0.48,-1.789,146642.76,384146.345
487,300015.SZ,20181220,26.95,27.13,26.49,26.83,26.95,-0.12,-0.4453,138687.1,370293.768
488,300015.SZ,20181219,28.46,28.57,26.76,26.95,28.46,-1.51,-5.3057,228963.85,625538.736
489,300015.SZ,20181218,28.72,29.08,28.2,28.46,28.96,-0.5,-1.7265,85624.86,244129.897
490,300015.SZ,20181217,29.3,29.46,28.58,28.96,29.48,-0.52,-1.7639,109345.34,316035.719
491,300015.SZ,20181214,30.25,30.3,29.35,29.48,30.25,-0.77,-2.5455,103088.62,305748.372
492,300015.SZ,20181213,30.31,30.69,29.9,30.25,30.31,-0.06,-0.198,111246.4,336823.372
493,300015.SZ,20181212,30.46,30.8,30.21,30.31,30.42,-0.11,-0.3616,59528.92,180948.909
494,300015.SZ,20181211,29.3,30.69,29.22,30.42,29.16,1.26,4.321,121267.97,367137.388
495,300015.SZ,20181210,29.6,30.01,29.09,29.16,29.4,-0.24,-0.8163,105957.84,313226.062
496,300015.SZ,20181207,30.0,30.19,29.31,29.4,30.0,-0.6,-2.0,108784.0,322129.138
497,300015.SZ,20181206,30.45,30.75,29.43,30.0,30.32,-0.32,-1.0554,143097.84,430846.924
498,300015.SZ,20181205,30.15,31.11,30.01,30.32,30.51,-0.19,-0.6227,139010.39,424163.157
499,300015.SZ,20181204,29.82,30.65,29.7,30.51,29.82,0.69,2.3139,139555.35,423293.165
500,300015.SZ,20181203,29.11,30.09,29.1,29.82,28.5,1.32,4.6316,177010.56,524431.019
501,300015.SZ,20181130,28.03,28.64,28.0,28.5,28.04,0.46,1.6405,76143.42,216797.486
502,300015.SZ,20181129,28.86,28.92,28.04,28.04,28.59,-0.55,-1.9237,67508.42,191681.361
503,300015.SZ,20181128,28.61,28.85,28.2,28.59,28.59,0.0,0.0,75152.5,214960.583
504,300015.SZ,20181127,28.39,28.75,28.19,28.59,28.22,0.37,1.3111,101582.85,289843.664
505,300015.SZ,20181126,27.6,28.48,27.45,28.22,27.45,0.77,2.8051,112001.92,315069.525
506,300015.SZ,20181123,27.63,27.99,27.43,27.45,27.83,-0.38,-1.3654,78532.83,217627.172
507,300015.SZ,20181122,28.02,28.15,27.78,27.83,27.95,-0.12,-0.4293,52199.34,145832.203
508,300015.SZ,20181121,27.4,28.2,27.35,27.95,27.68,0.27,0.9754,73725.22,205555.829
509,300015.SZ,20181120,28.28,28.3,27.62,27.68,28.39,-0.71,-2.5009,83821.86,233899.18
510,300015.SZ,20181119,27.98,28.59,27.8,28.39,28.12,0.27,0.9602,103583.81,293019.965
511,300015.SZ,20181116,28.43,28.8,27.79,28.12,28.37,-0.25,-0.8812,121103.98,341677.718
512,300015.SZ,20181115,27.99,28.43,27.74,28.37,28.01,0.36,1.2853,111715.22,313620.707
513,300015.SZ,20181114,28.52,28.6,27.82,28.01,28.52,-0.51,-1.7882,106962.1,300818.101
514,300015.SZ,20181113,27.63,28.67,27.63,28.52,28.17,0.35,1.2425,197395.04,558020.867
515,300015.SZ,20181112,27.68,28.3,27.28,28.17,27.84,0.33,1.1853,138637.02,386452.252
516,300015.SZ,20181109,27.75,28.2,27.45,27.84,27.9,-0.06,-0.2151,87769.06,243939.767
517,300015.SZ,20181108,28.56,28.66,27.9,27.9,28.24,-0.34,-1.204,81176.29,229764.508
518,300015.SZ,20181107,28.6,28.81,28.21,28.24,28.6,-0.36,-1.2587,96735.2,276101.755
519,300015.SZ,20181106,28.09,28.66,27.7,28.6,28.25,0.35,1.2389,99546.6,281313.828
520,300015.SZ,20181105,28.8,29.09,27.54,28.25,29.13,-0.88,-3.0209,194014.08,549487.577
521,300015.SZ,20181102,28.14,29.15,27.82,29.13,27.09,2.04,7.5305,257194.07,729672.825
522,300015.SZ,20181101,27.38,27.78,27.09,27.09,27.04,0.05,0.1849,150778.72,413764.809
523,300015.SZ,20181031,26.88,27.87,26.66,27.04,26.7,0.34,1.2734,148901.47,405777.849
524,300015.SZ,20181030,26.0,27.17,25.9,26.7,26.21,0.49,1.8695,137120.45,364985.916
525,300015.SZ,20181029,27.5,27.51,26.07,26.21,27.5,-1.29,-4.6909,177347.64,470967.582
526,300015.SZ,20181026,28.2,28.44,27.26,27.5,27.85,-0.35,-1.2567,115641.22,320795.895
527,300015.SZ,20181025,27.6,28.14,27.2,27.85,28.55,-0.7,-2.4518,156639.8,432859.695
528,300015.SZ,20181024,28.79,29.24,27.52,28.55,29.08,-0.53,-1.8226,189713.64,535625.594
529,300015.SZ,20181023,30.8,30.8,28.75,29.08,30.83,-1.75,-5.6763,208207.78,615766.279
530,300015.SZ,20181022,28.88,30.97,28.76,30.83,28.5,2.33,8.1754,230683.81,692500.899
531,300015.SZ,20181019,26.68,28.64,26.35,28.5,27.22,1.28,4.7024,185688.54,512267.796
532,300015.SZ,20181018,28.75,28.75,27.12,27.22,29.0,-1.78,-6.1379,210982.59,586118.562
533,300015.SZ,20181017,29.8,29.96,27.72,29.0,29.37,-0.37,-1.2598,146367.27,418651.564
534,300015.SZ,20181016,29.1,29.88,28.85,29.37,29.06,0.31,1.0668,90031.84,264992.577
535,300015.SZ,20181015,30.43,30.6,28.91,29.06,30.11,-1.05,-3.4872,119008.79,353918.854
536,300015.SZ,20181012,29.3,30.14,29.05,30.11,29.04,1.07,3.6846,134550.18,399421.483
537,300015.SZ,20181011,29.21,30.12,28.9,29.04,30.16,-1.12,-3.7135,164283.03,483543.573
538,300015.SZ,20181010,31.43,31.56,29.79,30.16,31.1,-0.94,-3.0225,108933.3,330916.617
539,300015.SZ,20181009,31.0,31.86,30.81,31.1,31.03,0.07,0.2256,82436.52,258461.945
540,300015.SZ,20181008,31.62,32.17,31.0,31.03,32.25,-1.22,-3.7829,122763.98,385684.775
541,300015.SZ,20180928,31.38,32.48,31.3,32.25,31.42,0.83,2.6416,145076.26,465473.638
542,300015.SZ,20180927,31.17,31.94,30.93,31.42,31.34,0.08,0.2553,136260.22,429285.807
543,300015.SZ,20180926,30.12,31.39,29.9,31.34,29.75,1.59,5.3445,178244.53,550423.174
544,300015.SZ,20180925,29.45,30.1,29.31,29.75,29.78,-0.03,-0.1007,68309.49,203970.949
545,300015.SZ,20180921,28.97,29.85,28.91,29.78,28.89,0.89,3.0807,102336.47,301678.566
546,300015.SZ,20180920,29.28,29.44,28.78,28.89,29.37,-0.48,-1.6343,64996.02,188575.793
547,300015.SZ,20180919,29.19,29.85,28.81,29.37,29.07,0.3,1.032,109545.62,322490.705
548,300015.SZ,20180918,28.2,29.36,28.05,29.07,28.2,0.87,3.0851,139227.12,401181.791
549,300015.SZ,20180917,27.98,28.5,27.62,28.2,28.09,0.11,0.3916,69012.79,194204.479
550,300015.SZ,20180914,28.52,28.62,27.61,28.09,28.51,-0.42,-1.4732,122498.94,343439.281
551,300015.SZ,20180913,29.35,29.62,27.41,28.51,28.95,-0.44,-1.5199,219333.48,619353.401
552,300015.SZ,20180912,30.29,30.49,28.84,28.95,30.46,-1.51,-4.9573,163386.04,479891.121
553,300015.SZ,20180911,30.16,30.69,30.08,30.46,30.23,0.23,0.7608,52208.35,158630.158
554,300015.SZ,20180910,30.14,30.8,30.06,30.23,30.6,-0.37,-1.2092,62071.26,188353.579
555,300015.SZ,20180907,30.01,31.0,30.01,30.6,29.95,0.65,2.1703,94267.71,288479.795
556,300015.SZ,20180906,30.05,30.67,29.87,29.95,30.3,-0.35,-1.1551,82794.86,249278.19
557,300015.SZ,20180905,30.71,31.08,30.3,30.3,31.1,-0.8,-2.5723,89290.37,273096.816
558,300015.SZ,20180904,31.73,31.8,30.3,31.1,31.66,-0.56,-1.7688,161896.43,501877.268
559,300015.SZ,20180903,31.28,31.83,30.3,31.66,31.37,0.29,0.9245,94375.26,294377.319
560,300015.SZ,20180831,31.76,32.26,31.31,31.37,31.76,-0.39,-1.228,80330.64,254448.037
561,300015.SZ,20180830,32.39,32.55,31.4,31.76,32.45,-0.69,-2.1263,109304.52,349055.532
562,300015.SZ,20180829,32.03,32.9,31.9,32.45,32.46,-0.01,-0.0308,123507.85,400246.869
563,300015.SZ,20180828,31.9,32.95,31.55,32.46,31.73,0.73,2.3007,162983.96,526130.687
564,300015.SZ,20180827,30.5,32.01,30.48,31.73,29.88,1.85,6.1914,175703.42,551002.333
565,300015.SZ,20180824,29.8,30.37,29.38,29.88,29.97,-0.09,-0.3003,72626.06,217484.33
566,300015.SZ,20180823,29.6,30.2,28.8,29.97,29.59,0.38,1.2842,125199.12,370809.41
567,300015.SZ,20180822,30.0,30.08,29.5,29.59,30.15,-0.56,-1.8574,87341.61,259720.75
568,300015.SZ,20180821,28.11,30.2,28.0,30.15,27.94,2.21,7.9098,204225.83,592826.134
569,300015.SZ,20180820,29.05,29.3,27.0,27.94,29.26,-1.32,-4.5113,221327.91,617251.614
570,300015.SZ,20180817,31.07,31.27,28.5,29.26,30.71,-1.45,-4.7216,243187.81,719387.531
571,300015.SZ,20180816,30.51,31.41,29.9,30.71,30.82,-0.11,-0.3569,114064.42,351128.241
572,300015.SZ,20180815,32.4,32.57,30.76,30.82,32.5,-1.68,-5.1692,129951.65,407285.261
573,300015.SZ,20180814,32.73,32.9,32.26,32.5,32.73,-0.23,-0.7027,71884.97,233984.781
574,300015.SZ,20180813,31.8,32.97,31.69,32.73,32.35,0.38,1.1747,92583.28,301148.556
575,300015.SZ,20180810,31.32,32.75,31.32,32.35,31.53,0.82,2.6007,131015.66,422812.349
576,300015.SZ,20180809,29.67,32.04,29.5,31.53,30.01,1.52,5.065,178196.66,554402.779
577,300015.SZ,20180808,31.1,31.5,30.0,30.01,31.23,-1.22,-3.9065,115153.88,353861.455
578,300015.SZ,20180807,30.49,31.35,29.73,31.23,30.24,0.99,3.2738,141434.16,433466.767
579,300015.SZ,20180806,31.52,32.29,30.0,30.24,31.94,-1.7,-5.3225,193016.5,600965.845
580,300015.SZ,20180803,32.8,33.42,31.8,31.94,33.12,-1.18,-3.5628,154075.65,500342.394
581,300015.SZ,20180802,32.91,33.97,32.73,33.12,33.16,-0.04,-0.1206,148244.0,492910.553
582,300015.SZ,20180801,33.61,34.11,32.99,33.16,33.42,-0.26,-0.778,115238.77,384897.312
583,300015.SZ,20180731,33.04,34.19,33.04,33.42,32.8,0.62,1.8902,138715.19,467714.323
584,300015.SZ,20180730,33.6,33.66,32.05,32.8,33.7,-0.9,-2.6706,164727.82,539160.687
585,300015.SZ,20180727,33.68,34.08,33.31,33.7,33.98,-0.28,-0.824,95020.07,320002.538
586,300015.SZ,20180726,34.11,34.49,33.69,33.98,34.26,-0.28,-0.8173,111425.97,379764.896
587,300015.SZ,20180725,33.5,34.85,33.11,34.26,33.2,1.06,3.1928,183667.64,627298.763
588,300015.SZ,20180724,32.91,33.98,32.41,33.2,33.25,-0.05,-0.1504,240956.06,801858.333
589,300015.SZ,20180723,32.58,33.45,31.5,33.25,33.76,-0.51,-1.5107,284924.16,926390.983
590,300015.SZ,20180720,34.07,34.27,33.13,33.76,34.0,-0.24,-0.7059,143405.66,483342.895
591,300015.SZ,20180719,34.9,34.93,33.77,34.0,34.91,-0.91,-2.61,130861.43,446913.751
592,300015.SZ,20180718,34.93,35.5,34.69,34.91,34.83,0.08,0.23,129742.17,454920.742
593,300015.SZ,20180717,35.4,35.77,34.35,34.83,35.66,-0.83,-2.33,160417.88,559113.058
594,300015.SZ,20180716,34.1,36.0,33.71,35.66,33.64,2.02,6.0,218001.24,763425.565
595,300015.SZ,20180713,32.84,34.14,32.84,33.64,32.99,0.65,1.97,159809.15,537062.135
596,300015.SZ,20180712,31.97,33.5,31.88,32.99,32.15,0.84,2.61,191102.67,628343.423
597,300015.SZ,20180711,31.5,32.6,31.2,32.15,32.0,0.15,0.47,148824.41,477018.723
598,300015.SZ,20180710,31.84,32.26,31.65,32.0,31.77,0.23,0.72,104566.59,333622.358
599,300015.SZ,20180709,30.45,32.0,30.45,31.77,30.27,1.5,4.96,146263.77,458142.795
600,300015.SZ,20180706,29.85,30.88,29.7,30.27,29.78,0.49,1.65,156543.33,475632.116
601,300015.SZ,20180705,30.03,30.63,29.65,29.78,30.16,-0.38,-1.26,114589.57,344438.175
602,300015.SZ,20180704,31.0,31.0,30.04,30.16,31.29,-1.13,-3.61,112886.54,343737.603
603,300015.SZ,20180703,32.2,32.2,30.11,31.29,32.3,-1.01,-3.13,230675.28,714206.059
604,300015.SZ,20180702,32.06,33.0,31.85,32.3,32.29,0.01,0.03,160733.28,521971.828
605,300015.SZ,20180629,31.4,32.5,31.4,32.29,31.61,0.68,2.15,154753.65,497047.298
606,300015.SZ,20180628,31.5,32.1,31.08,31.61,31.76,-0.15,-0.47,119809.89,379892.392
607,300015.SZ,20180627,32.82,32.97,31.51,31.76,32.9,-1.14,-3.47,139571.73,447374.633
608,300015.SZ,20180626,32.8,33.59,32.6,32.9,33.22,-0.32,-0.96,132123.04,435607.444
609,300015.SZ,20180625,32.65,33.66,32.19,33.22,32.47,0.75,2.31,168800.33,559023.967
610,300015.SZ,20180622,32.03,32.9,31.75,32.47,32.25,0.22,0.68,122935.82,399183.563
611,300015.SZ,20180621,32.09,33.09,31.75,32.25,32.07,0.18,0.56,195785.43,634465.12
612,300015.SZ,20180620,29.99,32.3,29.92,32.07,29.76,2.31,7.76,249059.81,777806.225
613,300015.SZ,20180619,29.65,30.44,29.29,29.76,29.95,-0.19,-0.63,165953.14,496871.617
614,300015.SZ,20180615,30.05,30.45,29.88,29.95,30.12,-0.17,-0.56,80603.73,242655.842
615,300015.SZ,20180614,30.76,31.09,30.0,30.12,30.86,-0.74,-2.4,100460.88,306070.845
616,300015.SZ,20180613,30.77,30.98,29.73,30.86,30.87,-0.01,-0.03,171233.9,520088.962
617,300015.SZ,20180612,31.0,31.25,30.47,30.87,31.04,-0.17,-0.55,146568.49,450548.671
618,300015.SZ,20180611,31.37,31.42,30.7,31.04,31.59,-0.55,-1.74,108441.11,336205.758
619,300015.SZ,20180608,30.88,31.7,30.42,31.59,30.94,0.65,2.1,155689.8,486666.508
620,300015.SZ,20180607,31.55,32.03,30.72,30.94,32.38,-1.44,-4.45,279009.3,869201.655
621,300015.SZ,20180606,32.56,32.85,32.05,32.38,32.6,-0.22,-0.67,124088.82,402498.551
622,300015.SZ,20180605,31.7,32.88,31.7,32.6,31.72,0.88,2.77,143225.04,464266.494
623,300015.SZ,20180604,32.0,32.3,31.18,31.72,32.12,-0.4,-1.25,152917.93,483605.354
624,300015.SZ,20180601,33.0,33.45,31.16,32.12,33.0,-0.88,-2.67,179329.6,578944.952
625,300015.SZ,20180531,31.15,33.0,31.15,33.0,30.76,2.24,7.28,237019.18,763263.117
626,300015.SZ,20180530,30.29,32.13,28.9,30.76,31.14,-0.38,-1.22,353654.43,1086835.113
627,300015.SZ,20180529,34.3,34.83,31.13,31.14,34.44,-3.3,-9.58,282392.15,936656.862
628,300015.SZ,20180528,33.6,34.48,32.72,34.44,33.5,0.94,2.81,158754.56,535402.842
629,300015.SZ,20180525,33.3,34.07,32.71,33.5,33.3,0.2,0.6,134980.52,453670.349
630,300015.SZ,20180524,32.79,33.63,32.19,33.3,32.79,0.51,1.56,161699.62,532663.063
631,300015.SZ,20180523,50.0,51.1,48.68,49.49,50.16,-0.67,-1.34,121327.02,602239.766
632,300015.SZ,20180522,48.65,50.18,48.33,50.16,48.68,1.48,3.04,90030.28,447881.602
633,300015.SZ,20180521,48.52,49.35,47.85,48.68,48.5,0.18,0.37,83946.43,407910.513
634,300015.SZ,20180518,46.85,48.5,46.03,48.5,46.81,1.69,3.61,76916.48,363544.215
635,300015.SZ,20180517,47.77,47.8,46.02,46.81,47.44,-0.63,-1.33,71276.81,333990.707
636,300015.SZ,20180516,46.44,48.08,46.25,47.44,46.45,0.99,2.13,87823.34,416882.925
637,300015.SZ,20180515,45.99,46.95,45.5,46.45,45.97,0.48,1.04,81471.71,379038.35
638,300015.SZ,20180514,45.7,46.35,44.83,45.97,46.05,-0.08,-0.17,80872.02,367963.378
639,300015.SZ,20180511,47.48,47.88,45.8,46.05,47.76,-1.71,-3.58,117217.32,548857.672
640,300015.SZ,20180510,45.16,47.8,44.98,47.76,45.11,2.65,5.87,120879.47,562864.693
641,300015.SZ,20180509,45.5,45.77,44.65,45.11,45.5,-0.39,-0.86,64304.86,289496.356
642,300015.SZ,20180508,46.4,46.4,45.2,45.5,46.2,-0.7,-1.52,78947.14,360123.61
643,300015.SZ,20180507,45.75,46.37,45.25,46.2,45.98,0.22,0.48,71892.27,329916.749
644,300015.SZ,20180504,45.66,47.18,45.31,45.98,45.8,0.18,0.39,67035.42,310502.826
645,300015.SZ,20180503,46.5,46.58,44.5,45.8,46.47,-0.67,-1.44,83045.52,376592.123
646,300015.SZ,20180502,47.0,47.86,45.88,46.47,47.0,-0.53,-1.13,94463.28,440693.797
647,300015.SZ,20180427,44.66,47.12,44.42,47.0,44.4,2.6,5.86,98676.32,455589.406
648,300015.SZ,20180426,45.6,45.6,44.0,44.4,45.55,-1.15,-2.52,78433.56,350256.319
649,300015.SZ,20180425,43.3,45.6,43.18,45.55,43.38,2.17,5.0,105164.36,468368.616
650,300015.SZ,20180424,42.82,43.86,42.28,43.38,42.95,0.43,1.0,69517.66,300045.899
651,300015.SZ,20180423,42.72,44.16,42.72,42.95,42.6,0.35,0.82,94977.2,413585.762
652,300015.SZ,20180420,41.95,43.6,41.65,42.6,41.95,0.65,1.55,82081.97,351751.426
653,300015.SZ,20180419,41.08,42.41,40.65,41.95,40.8,1.15,2.82,68704.75,287980.004
654,300015.SZ,20180418,40.72,41.1,39.5,40.8,40.68,0.12,0.3,84576.8,340810.087
655,300015.SZ,20180417,42.14,42.38,40.6,40.68,42.15,-1.47,-3.49,55972.3,231041.103
656,300015.SZ,20180416,42.11,42.91,41.5,42.15,42.27,-0.12,-0.28,55210.64,232536.752
657,300015.SZ,20180413,42.91,43.45,41.6,42.27,42.8,-0.53,-1.24,59095.14,250454.013
658,300015.SZ,20180412,42.11,43.62,41.63,42.8,42.37,0.43,1.01,59738.81,255170.189
659,300015.SZ,20180411,42.2,42.89,42.08,42.37,42.38,-0.01,-0.02,55740.37,236706.706
660,300015.SZ,20180410,41.48,42.5,40.53,42.38,40.98,1.4,3.42,96552.81,402682.683
661,300015.SZ,20180409,38.86,41.0,38.86,40.98,38.9,2.08,5.35,119955.92,483124.086
662,300015.SZ,20180404,40.75,40.95,38.9,38.9,40.28,-1.38,-3.43,98282.7,390213.16
663,300015.SZ,20180403,40.0,40.88,39.62,40.28,40.35,-0.07,-0.17,89803.2,359799.007
664,300015.SZ,20180402,40.98,41.57,40.09,40.35,41.18,-0.83,-2.02,89425.93,363887.449
665,300015.SZ,20180330,39.75,41.67,39.61,41.18,40.01,1.17,2.92,104288.97,426338.687
666,300015.SZ,20180329,42.0,42.34,38.0,40.01,41.87,-1.86,-4.44,142818.95,571969.143
667,300015.SZ,20180328,42.77,43.66,41.84,41.87,43.2,-1.33,-3.08,81310.5,346646.138
668,300015.SZ,20180327,42.22,44.13,42.21,43.2,42.16,1.04,2.47,128507.66,556163.129
669,300015.SZ,20180326,39.4,42.22,39.4,42.16,40.09,2.07,5.16,97975.26,403002.722
670,300015.SZ,20180323,39.5,41.38,38.88,40.09,41.17,-1.08,-2.62,130566.84,525044.306
671,300015.SZ,20180322,41.15,41.7,40.83,41.17,41.17,0.0,0.0,54441.63,224493.429
672,300015.SZ,20180321,41.35,42.37,40.87,41.17,41.59,-0.42,-1.01,92978.65,386584.386
673,300015.SZ,20180320,39.82,41.66,39.8,41.59,40.26,1.33,3.3,101065.61,416309.219
674,300015.SZ,20180319,39.5,40.65,38.44,40.26,39.56,0.7,1.77,85949.98,341343.187
675,300015.SZ,20180316,38.88,39.9,38.8,39.56,38.87,0.69,1.78,79495.59,313959.859
676,300015.SZ,20180315,38.49,39.2,38.38,38.87,38.84,0.03,0.08,49849.45,193068.228
677,300015.SZ,20180314,38.8,39.45,38.5,38.84,38.88,-0.04,-0.1,58734.02,229451.784
678,300015.SZ,20180313,39.7,39.78,38.2,38.88,39.87,-0.99,-2.48,100771.9,391537.165
679,300015.SZ,20180312,39.9,40.77,39.38,39.87,39.9,-0.03,-0.08,88384.0,354383.648
680,300015.SZ,20180309,39.95,40.35,39.2,39.9,40.08,-0.18,-0.45,79742.38,317389.69
681,300015.SZ,20180308,38.16,40.2,38.1,40.08,38.35,1.73,4.51,97630.88,386398.976
682,300015.SZ,20180307,38.28,38.65,37.95,38.35,38.28,0.07,0.18,57211.03,219423.383
683,300015.SZ,20180306,37.16,38.5,37.16,38.28,37.24,1.04,2.79,86825.29,330296.0
684,300015.SZ,20180305,37.0,37.4,36.42,37.24,36.81,0.43,1.17,56031.25,206964.008
685,300015.SZ,20180302,36.99,37.4,36.62,36.81,37.13,-0.32,-0.86,49943.56,184652.186
686,300015.SZ,20180301,36.2,37.48,36.08,37.13,36.3,0.83,2.29,79099.4,292854.712
687,300015.SZ,20180228,36.42,37.09,36.17,36.3,36.61,-0.31,-0.85,65446.76,239163.817
688,300015.SZ,20180227,37.01,37.48,36.3,36.61,37.16,-0.55,-1.48,86131.6,316853.534
689,300015.SZ,20180226,35.06,37.16,35.06,37.16,35.06,2.1,5.99,106899.7,387663.224
690,300015.SZ,20180223,35.3,35.78,34.72,35.06,35.61,-0.55,-1.54,71456.65,251252.034
691,300015.SZ,20180222,35.37,35.61,34.64,35.61,35.1,0.51,1.45,82170.17,289233.111
692,300015.SZ,20180214,33.75,35.28,33.65,35.1,33.75,1.35,4.0,79535.58,276038.612
693,300015.SZ,20180213,33.99,34.71,33.68,33.75,33.69,0.06,0.18,100278.2,343074.253
694,300015.SZ,20180212,31.68,34.48,31.62,33.69,31.47,2.22,7.05,149597.51,497771.819
695,300015.SZ,20180209,31.49,32.07,30.75,31.47,32.5,-1.03,-3.17,99236.54,312037.515
696,300015.SZ,20180208,32.4,33.31,31.92,32.5,32.6,-0.1,-0.31,86243.61,281660.513
697,300015.SZ,20180207,32.38,33.38,31.82,32.6,31.5,1.1,3.49,147813.17,483609.229
698,300015.SZ,20180206,32.5,33.25,31.3,31.5,33.6,-2.1,-6.25,156828.23,505979.78
699,300015.SZ,20180205,33.76,34.39,33.5,33.6,34.51,-0.91,-2.64,73932.22,249945.279
700,300015.SZ,20180202,34.4,34.86,33.32,34.51,34.6,-0.09,-0.26,60473.45,207279.848
701,300015.SZ,20180201,35.02,36.04,34.5,34.6,34.98,-0.38,-1.09,85239.11,300722.023
702,300015.SZ,20180131,34.77,35.51,34.57,34.98,34.77,0.21,0.6,71400.82,250550.454
703,300015.SZ,20180130,34.9,35.08,34.51,34.77,34.9,-0.13,-0.37,46163.21,160298.564
704,300015.SZ,20180129,34.96,35.61,34.5,34.9,35.3,-0.4,-1.13,87265.18,304886.079
705,300015.SZ,20180126,35.5,36.15,35.02,35.3,35.79,-0.49,-1.37,71472.22,253909.219
706,300015.SZ,20180125,36.4,36.74,35.61,35.79,36.33,-0.54,-1.49,65719.9,236555.889
707,300015.SZ,20180124,35.58,36.84,35.05,36.33,35.59,0.74,2.08,122450.66,441532.109
708,300015.SZ,20180123,35.0,35.59,34.9,35.59,35.0,0.59,1.69,71621.53,253460.772
709,300015.SZ,20180122,35.3,35.46,34.7,35.0,35.1,-0.1,-0.28,67537.64,237019.424
710,300015.SZ,20180119,35.5,35.69,34.98,35.1,35.97,-0.87,-2.42,74234.86,261439.452
711,300015.SZ,20180118,35.0,36.23,34.93,35.97,35.26,0.71,2.01,119333.49,426777.013
712,300015.SZ,20180117,35.63,36.29,34.5,35.26,35.45,-0.19,-0.54,113952.91,401962.9
713,300015.SZ,20180116,33.55,35.95,33.55,35.45,33.45,2.0,5.98,124356.85,435809.117
714,300015.SZ,20180115,33.63,34.61,32.9,33.45,34.11,-0.66,-1.93,103151.57,348384.92
715,300015.SZ,20180112,33.8,34.28,33.4,34.11,33.89,0.22,0.65,60669.53,205350.065
716,300015.SZ,20180111,33.77,34.99,33.37,33.89,33.9,-0.01,-0.03,97073.33,331588.025
717,300015.SZ,20180110,33.74,34.92,33.61,33.9,33.4,0.5,1.5,114467.97,390435.875
718,300015.SZ,20180109,33.62,34.21,33.03,33.4,33.63,-0.23,-0.68,111497.14,375510.201
719,300015.SZ,20180108,31.68,33.7,31.67,33.63,31.5,2.13,6.76,159211.72,521333.322
720,300015.SZ,20180105,30.65,32.33,30.41,31.5,29.67,1.83,6.17,212893.29,670992.778
721,300015.SZ,20180104,30.51,30.56,29.54,29.67,30.25,-0.58,-1.92,123724.73,370085.843
722,300015.SZ,20180103,30.4,30.45,29.22,30.25,30.42,-0.17,-0.56,100991.31,301871.879
723,300015.SZ,20180102,31.0,31.25,30.3,30.42,30.8,-0.38,-1.23,76077.15,232862.857
724,300015.SZ,20171229,29.88,30.91,29.78,30.8,29.88,0.92,3.08,73171.31,222715.289
725,300015.SZ,20171228,29.79,30.31,29.5,29.88,29.83,0.05,0.17,67054.72,200172.915
726,300015.SZ,20171227,30.32,30.68,29.63,29.83,30.43,-0.6,-1.97,78815.03,236167.144
727,300015.SZ,20171226,30.55,30.79,30.03,30.43,30.59,-0.16,-0.52,53993.55,163760.395
728,300015.SZ,20171225,30.36,31.25,30.28,30.59,30.37,0.22,0.72,80993.23,249778.227
729,300015.SZ,20171222,30.8,30.92,30.2,30.37,30.64,-0.27,-0.88,66336.8,202293.68
730,300015.SZ,20171221,29.47,30.9,29.47,30.64,29.47,1.17,3.97,117964.24,358800.958
731,300015.SZ,20171220,29.45,29.78,29.1,29.47,29.06,0.41,1.41,69929.15,206360.088
732,300015.SZ,20171219,28.7,29.38,28.57,29.06,28.75,0.31,1.08,67038.13,195197.485
733,300015.SZ,20171218,27.92,28.99,27.92,28.75,28.18,0.57,2.02,80603.83,229317.742
734,300015.SZ,20171215,28.8,29.77,28.0,28.18,28.65,-0.47,-1.64,146846.75,423076.798
735,300015.SZ,20171207,28.1,28.68,27.85,28.65,27.79,0.86,3.09,121083.37,344301.823
736,300015.SZ,20171206,27.7,28.09,27.4,27.79,27.66,0.13,0.47,56940.17,157929.022
737,300015.SZ,20171205,28.34,28.44,27.22,27.66,28.32,-0.66,-2.33,67909.7,188642.567
738,300015.SZ,20171204,28.01,28.45,27.85,28.32,28.06,0.26,0.93,54162.54,152865.506
739,300015.SZ,20171201,27.15,28.2,27.1,28.06,27.2,0.86,3.16,74498.43,207234.188
740,300015.SZ,20171130,27.76,27.76,27.2,27.2,27.75,-0.55,-1.98,38691.99,106121.398
741,300015.SZ,20171129,27.34,27.8,27.11,27.75,27.26,0.49,1.8,62903.57,173157.399
742,300015.SZ,20171128,26.53,27.35,26.53,27.26,26.74,0.52,1.94,60722.77,164826.199
743,300015.SZ,20171127,26.8,27.58,26.4,26.74,26.62,0.12,0.45,86873.78,234246.635
744,300015.SZ,20171124,26.28,26.85,26.27,26.62,26.22,0.4,1.53,57058.28,151285.619
745,300015.SZ,20171123,27.44,27.58,26.22,26.22,27.63,-1.41,-5.1,91255.79,245185.687
746,300015.SZ,20171122,27.81,28.2,27.38,27.63,27.78,-0.15,-0.54,63085.17,175581.627
747,300015.SZ,20171121,27.5,28.34,27.46,27.78,27.62,0.16,0.58,98343.81,273590.633
748,300015.SZ,20171120,27.15,27.83,26.46,27.62,27.38,0.24,0.88,79029.16,216443.52
749,300015.SZ,20171117,28.26,28.4,27.0,27.38,28.55,-1.17,-4.1,135304.47,375149.207
750,300015.SZ,20171116,28.3,28.6,27.59,28.55,28.44,0.11,0.39,88528.44,248724.965
751,300015.SZ,20171115,28.45,28.82,28.31,28.44,28.54,-0.1,-0.35,68436.02,195167.819
752,300015.SZ,20171114,29.2,29.34,28.43,28.54,29.39,-0.85,-2.89,96936.41,279388.347
753,300015.SZ,20171113,28.5,29.65,28.29,29.39,28.49,0.9,3.16,145006.13,422004.155
754,300015.SZ,20171110,28.3,28.97,27.91,28.49,28.37,0.12,0.42,130305.17,370677.985
755,300015.SZ,20171109,28.23,28.67,27.7,28.37,28.67,-0.3,-1.05,184634.79,519186.299
756,300015.SZ,20171108,29.4,30.98,28.61,28.67,29.88,-1.21,-4.05,323880.48,961503.797
757,300015.SZ,20171107,28.63,30.0,28.57,29.88,28.57,1.31,4.59,215754.21,630144.926
758,300015.SZ,20171106,27.66,28.83,26.64,28.57,28.01,0.56,2.0,161317.04,444989.206
759,300015.SZ,20171103,29.42,29.7,27.97,28.01,27.95,0.06,0.21,171282.79,494973.456
760,300015.SZ,20171102,27.57,28.1,27.3,27.95,27.7,0.25,0.9,79232.71,219966.099
761,300015.SZ,20171101,27.64,27.78,27.36,27.7,27.68,0.02,0.07,89987.61,248219.185
762,300015.SZ,20171031,27.96,28.19,27.15,27.68,28.02,-0.34,-1.21,137204.06,377689.019
763,300015.SZ,20171030,28.88,29.1,27.93,28.02,28.89,-0.87,-3.01,105671.36,298422.875
764,300015.SZ,20171027,28.91,28.98,28.55,28.89,28.7,0.19,0.66,63433.04,182031.036
765,300015.SZ,20171026,28.82,29.44,28.51,28.7,28.99,-0.29,-1.0,112630.81,325363.559
766,300015.SZ,20171025,28.1,29.15,27.81,28.99,28.17,0.82,2.91,105435.27,298313.173
767,300015.SZ,20171024,28.3,28.39,27.82,28.17,28.08,0.09,0.32,71822.42,201531.038
768,300015.SZ,20171023,27.4,28.44,27.31,28.08,27.39,0.69,2.52,88932.92,249054.612
769,300015.SZ,20171020,27.3,28.04,27.02,27.39,27.25,0.14,0.51,62512.56,172454.389
770,300015.SZ,20171019,27.11,27.3,26.85,27.25,27.11,0.14,0.52,53450.05,144887.914
771,300015.SZ,20171018,26.04,27.35,26.04,27.11,26.03,1.08,4.15,110287.09,296696.519
772,300015.SZ,20171017,26.0,26.36,25.93,26.03,26.02,0.01,0.04,38871.38,101586.622
773,300015.SZ,20171016,26.5,26.64,25.99,26.02,26.49,-0.47,-1.77,51291.45,134714.217
774,300015.SZ,20171013,26.26,26.82,26.25,26.49,26.34,0.15,0.57,53364.37,141713.579
775,300015.SZ,20171012,26.58,26.83,26.01,26.34,26.47,-0.13,-0.49,63523.18,167895.025
776,300015.SZ,20171011,26.3,26.9,25.85,26.47,26.15,0.32,1.22,105524.35,278476.24
777,300015.SZ,20171010,25.29,26.38,25.27,26.15,25.3,0.85,3.36,119644.24,311250.207
778,300015.SZ,20171009,25.43,25.53,25.03,25.3,25.33,-0.03,-0.12,71152.74,179676.055
779,300015.SZ,20170929,25.25,25.66,25.1,25.33,25.37,-0.04,-0.16,60445.15,153389.714
780,300015.SZ,20170928,24.79,25.39,24.56,25.37,24.8,0.57,2.3,55419.11,138782.749
781,300015.SZ,20170927,25.18,25.64,24.56,24.8,25.28,-0.48,-1.9,109783.96,273045.159
782,300015.SZ,20170926,25.16,25.5,24.75,25.28,25.2,0.08,0.32,68854.48,172839.591
783,300015.SZ,20170925,24.6,25.78,24.52,25.2,24.6,0.6,2.44,77727.93,196609.861
784,300015.SZ,20170922,24.16,24.78,24.15,24.6,24.15,0.45,1.86,35095.04,86059.598
785,300015.SZ,20170921,24.85,24.85,24.12,24.15,24.7,-0.55,-2.23,43759.13,106849.587
786,300015.SZ,20170920,24.51,25.07,24.22,24.7,24.51,0.19,0.78,56905.11,140921.367
787,300015.SZ,20170919,24.5,24.54,24.2,24.51,24.53,-0.02,-0.08,47259.56,115044.704
788,300015.SZ,20170918,23.63,24.68,23.51,24.53,23.64,0.89,3.76,92304.23,224612.235
789,300015.SZ,20170915,23.48,23.79,23.48,23.64,23.56,0.08,0.34,24829.79,58767.753
790,300015.SZ,20170914,23.71,23.71,23.51,23.56,23.79,-0.23,-0.97,34268.78,80797.311
791,300015.SZ,20170913,23.84,23.94,23.7,23.79,23.9,-0.11,-0.46,27089.32,64411.962
792,300015.SZ,20170912,24.09,24.16,23.85,23.9,24.19,-0.29,-1.2,52950.94,127156.192
793,300015.SZ,20170911,24.04,24.2,23.55,24.19,24.16,0.03,0.12,96189.47,229810.979
794,300015.SZ,20170908,23.41,24.16,23.41,24.16,23.4,0.76,3.25,86967.44,208264.287
795,300015.SZ,20170907,23.39,23.9,23.38,23.4,23.38,0.02,0.09,71759.02,169627.753
796,300015.SZ,20170906,23.56,23.76,23.31,23.38,23.61,-0.23,-0.97,66439.17,156182.23
797,300015.SZ,20170905,23.86,23.9,23.57,23.61,23.93,-0.32,-1.34,62107.4,147007.453
798,300015.SZ,20170904,23.4,23.98,23.14,23.93,23.4,0.53,2.27,80502.77,189981.962
799,300015.SZ,20170901,23.33,23.49,23.15,23.4,23.33,0.07,0.3,58668.57,137020.405
800,300015.SZ,20170831,23.3,23.48,23.1,23.33,23.3,0.03,0.13,53568.77,124584.844
801,300015.SZ,20170830,22.94,23.36,22.9,23.3,22.91,0.39,1.7,60059.24,139464.78
802,300015.SZ,20170829,22.8,23.17,22.8,22.91,22.84,0.07,0.31,42483.2,97708.006
803,300015.SZ,20170828,22.78,22.96,22.57,22.84,22.44,0.4,1.78,70895.89,161914.198
804,300015.SZ,20170825,22.25,22.6,22.25,22.44,22.31,0.13,0.58,20337.58,45656.953
805,300015.SZ,20170824,22.53,22.58,22.2,22.31,22.58,-0.27,-1.2,25250.62,56379.223
806,300015.SZ,20170823,22.39,22.63,22.3,22.58,22.34,0.24,1.07,30189.02,68017.652
807,300015.SZ,20170822,22.75,22.76,22.3,22.34,22.73,-0.39,-1.72,41083.95,92413.578
808,300015.SZ,20170821,22.89,23.0,22.6,22.73,22.86,-0.13,-0.57,28530.32,64964.387
809,300015.SZ,20170818,22.7,22.89,22.6,22.86,22.75,0.11,0.48,30667.92,69737.671
810,300015.SZ,20170817,22.82,22.88,22.54,22.75,22.82,-0.07,-0.31,54767.35,124232.339
811,300015.SZ,20170816,22.75,23.03,22.61,22.82,22.84,-0.02,-0.09,46426.41,106194.583
812,300015.SZ,20170815,23.51,23.51,22.56,22.84,23.52,-0.68,-2.89,98655.56,225997.044
813,300015.SZ,20170814,22.93,23.57,22.8,23.52,22.94,0.58,2.53,66542.79,155510.413
814,300015.SZ,20170811,23.2,23.33,22.79,22.94,23.35,-0.41,-1.76,52496.9,121156.728
815,300015.SZ,20170810,23.22,23.64,23.07,23.35,23.07,0.28,1.21,80864.26,189094.673
816,300015.SZ,20170809,22.84,23.2,22.65,23.07,22.85,0.22,0.96,52837.62,121523.329
817,300015.SZ,20170808,22.6,22.86,22.54,22.85,22.73,0.12,0.53,29365.95,66912.971
818,300015.SZ,20170807,22.41,22.78,22.4,22.73,22.48,0.25,1.11,17407.34,39497.707
819,300015.SZ,20170804,22.52,22.78,22.41,22.48,22.45,0.03,0.13,27287.82,61578.791
820,300015.SZ,20170803,22.7,22.8,22.4,22.45,22.69,-0.24,-1.06,38732.45,87346.132
821,300015.SZ,20170802,23.06,23.07,22.68,22.69,23.14,-0.45,-1.94,39136.2,89314.012
822,300015.SZ,20170801,22.6,23.16,22.57,23.14,22.6,0.54,2.39,58881.58,135410.336
823,300015.SZ,20170731,22.72,22.85,22.53,22.6,22.5,0.1,0.44,41528.03,94398.602
824,300015.SZ,20170728,22.59,22.7,22.43,22.5,22.57,-0.07,-0.31,29274.32,66070.312
825,300015.SZ,20170727,22.11,22.68,21.86,22.57,22.1,0.47,2.13,46018.82,102835.241
826,300015.SZ,20170726,22.22,22.31,21.99,22.1,22.2,-0.1,-0.45,29235.04,64594.45
827,300015.SZ,20170725,22.49,22.6,22.1,22.2,22.49,-0.29,-1.29,26735.66,59577.049
828,300015.SZ,20170724,22.67,22.69,22.42,22.49,22.7,-0.21,-0.93,27888.07,62756.985
829,300015.SZ,20170721,22.37,22.72,22.24,22.7,22.35,0.35,1.57,51054.04,115331.558
830,300015.SZ,20170720,22.25,22.57,22.17,22.35,22.25,0.1,0.45,29048.39,64989.481
831,300015.SZ,20170719,21.92,22.35,21.88,22.25,21.93,0.32,1.46,33009.97,73078.895
832,300015.SZ,20170718,21.57,22.11,21.56,21.93,21.58,0.35,1.62,46447.23,101440.531
833,300015.SZ,20170717,22.31,22.35,21.03,21.58,22.4,-0.82,-3.66,66727.69,145270.571
834,300015.SZ,20170714,22.23,22.5,22.22,22.4,22.07,0.33,1.5,45693.88,102206.796
835,300015.SZ,20170713,22.15,22.15,21.96,22.07,22.15,-0.08,-0.36,36416.9,80248.273
836,300015.SZ,20170712,22.27,22.33,21.93,22.15,22.29,-0.14,-0.63,49273.84,108599.591
837,300015.SZ,20170711,22.08,22.3,22.08,22.29,22.19,0.1,0.45,39094.61,86885.608
838,300015.SZ,20170710,22.51,22.59,22.11,22.19,22.6,-0.41,-1.81,43036.35,95783.329
839,300015.SZ,20170707,22.69,22.71,22.5,22.6,22.76,-0.16,-0.7,23896.79,53963.15
840,300015.SZ,20170706,23.01,23.01,22.64,22.76,22.95,-0.19,-0.83,27022.27,61578.027
841,300015.SZ,20170705,22.67,23.07,22.56,22.95,22.7,0.25,1.1,32918.85,75311.906
842,300015.SZ,20170704,22.89,22.98,22.48,22.7,23.04,-0.34,-1.48,44959.4,102100.575
843,300015.SZ,20170703,23.26,23.3,22.8,23.04,23.26,-0.22,-0.95,43716.39,100461.59
844,300015.SZ,20170630,23.13,23.36,22.91,23.26,23.13,0.13,0.56,48096.29,111319.291
845,300015.SZ,20170629,23.06,23.19,22.83,23.13,23.17,-0.04,-0.17,42316.22,97442.355
846,300015.SZ,20170628,23.26,23.3,22.91,23.17,23.35,-0.18,-0.77,67767.38,156574.519
847,300015.SZ,20170627,22.72,23.36,22.72,23.35,22.72,0.63,2.77,74808.05,172995.734
848,300015.SZ,20170626,22.72,23.1,22.65,22.72,22.7,0.02,0.09,60128.18,137533.054
849,300015.SZ,20170623,22.41,22.83,22.22,22.7,22.53,0.17,0.75,47706.17,107621.927
850,300015.SZ,20170622,22.76,22.78,22.5,22.53,22.8,-0.27,-1.18,33612.1,76044.891
851,300015.SZ,20170621,22.49,22.82,22.41,22.8,22.49,0.31,1.38,38180.45,86304.401
852,300015.SZ,20170620,22.7,22.83,22.33,22.49,22.7,-0.21,-0.93,39309.54,88524.119
853,300015.SZ,20170619,22.88,23.01,22.53,22.7,22.92,-0.22,-0.96,39333.55,89183.916
854,300015.SZ,20170616,22.73,22.97,22.38,22.92,22.7,0.22,0.97,50035.73,113875.033
855,300015.SZ,20170615,22.21,23.21,22.13,22.7,22.21,0.49,2.21,101815.24,231766.916
856,300015.SZ,20170614,21.72,22.32,21.65,22.21,21.75,0.46,2.11,54180.08,119495.33
857,300015.SZ,20170613,21.7,21.96,21.64,21.75,21.82,-0.07,-0.32,30332.14,66219.133
858,300015.SZ,20170612,21.63,21.91,21.6,21.82,21.73,0.09,0.41,38508.41,83810.972
859,300015.SZ,20170609,22.06,22.06,21.63,21.73,22.06,-0.33,-1.5,65290.23,142505.75
860,300015.SZ,20170608,21.91,22.18,21.79,22.06,22.06,0.0,0.0,46094.72,101153.941
861,300015.SZ,20170607,21.28,22.18,21.2,22.06,21.35,0.71,3.33,87400.22,190139.629
862,300015.SZ,20170606,21.2,21.52,21.03,21.35,21.31,0.04,0.19,43383.89,92384.115
863,300015.SZ,20170605,21.05,21.5,20.95,21.31,21.2,0.11,0.52,87655.68,185289.806
864,300015.SZ,20170602,22.06,22.1,21.2,21.2,22.14,-0.94,-4.25,92046.65,198109.458
865,300015.SZ,20170601,22.1,22.32,22.05,22.14,22.37,-0.23,-1.03,51278.06,113622.076
866,300015.SZ,20170531,22.42,22.49,21.92,22.37,22.46,-0.09,-0.4,100141.11,221793.863
867,300015.SZ,20170526,22.34,22.56,22.1,22.46,22.35,0.11,0.49,50909.72,113389.542
868,300015.SZ,20170525,22.58,22.79,22.2,22.35,22.62,-0.27,-1.19,47940.48,107602.821
869,300015.SZ,20170524,22.78,22.8,22.35,22.62,22.74,-0.12,-0.53,47971.4,108380.863
870,300015.SZ,20170523,22.39,22.88,21.99,22.74,22.57,0.17,0.75,81143.91,182205.286
871,300015.SZ,20170522,22.46,22.85,22.0,22.57,22.4,0.17,0.76,47982.0,107396.565
872,300015.SZ,20170519,22.27,22.95,22.02,22.4,22.23,0.17,0.76,64490.48,145514.093
873,300015.SZ,20170518,22.06,22.49,21.89,22.23,22.09,0.14,0.63,57589.9,128095.499
874,300015.SZ,20170517,33.57,33.9,33.26,33.31,33.8,-0.49,-1.45,37324.3,125112.582
875,300015.SZ,20170516,32.8,33.88,32.5,33.8,32.88,0.92,2.8,47467.79,158048.71
876,300015.SZ,20170515,32.4,32.88,32.35,32.88,32.56,0.32,0.98,33141.84,107995.576
877,300015.SZ,20170512,32.2,32.58,31.8,32.56,32.13,0.43,1.34,43666.54,140438.653
878,300015.SZ,20170511,31.59,32.16,31.29,32.13,31.74,0.39,1.23,44415.44,141080.17
879,300015.SZ,20170510,31.62,31.98,31.5,31.74,31.72,0.02,0.06,19722.99,62637.805
880,300015.SZ,20170509,31.77,31.9,31.15,31.72,31.78,-0.06,-0.19,25629.94,80796.921
881,300015.SZ,20170508,31.65,31.91,31.3,31.78,31.61,0.17,0.54,30185.73,95860.674
882,300015.SZ,20170505,31.12,31.82,31.12,31.61,31.37,0.24,0.77,26998.37,85169.829
883,300015.SZ,20170504,31.86,32.1,31.2,31.37,31.88,-0.51,-1.6,42424.92,133770.748
884,300015.SZ,20170503,32.24,32.55,31.8,31.88,32.28,-0.4,-1.24,33860.01,108888.719
885,300015.SZ,20170502,32.74,32.87,32.21,32.28,32.87,-0.59,-1.79,32232.21,104418.122
886,300015.SZ,20170428,32.62,32.97,32.05,32.87,32.81,0.06,0.18,39775.55,129614.371
887,300015.SZ,20170427,32.41,32.88,32.26,32.81,32.56,0.25,0.77,48533.23,158332.562
888,300015.SZ,20170426,31.97,32.75,31.9,32.56,31.97,0.59,1.85,58170.11,188895.45
889,300015.SZ,20170425,32.38,32.5,31.81,31.97,32.33,-0.36,-1.11,33755.9,108623.299
890,300015.SZ,20170424,31.86,32.5,31.11,32.33,31.8,0.53,1.67,61657.65,197273.687
891,300015.SZ,20170421,32.1,32.56,31.72,31.8,31.97,-0.17,-0.53,49298.93,158656.716
892,300015.SZ,20170420,31.76,32.26,31.51,31.97,31.66,0.31,0.98,51851.4,165098.961
893,300015.SZ,20170419,31.67,31.94,31.15,31.66,31.79,-0.13,-0.41,26394.02,83286.466
894,300015.SZ,20170418,31.38,32.04,31.36,31.79,31.4,0.39,1.24,40158.36,127409.306
895,300015.SZ,20170417,31.41,31.99,31.21,31.4,31.32,0.08,0.26,28371.4,89447.907
896,300015.SZ,20170414,31.6,31.88,31.18,31.32,31.6,-0.28,-0.89,19049.41,60062.476
897,300015.SZ,20170413,31.58,31.93,31.45,31.6,31.63,-0.03,-0.09,27546.27,87226.331
898,300015.SZ,20170412,32.56,32.69,31.57,31.63,31.82,-0.19,-0.6,62181.89,199042.385
899,300015.SZ,20170407,31.64,32.27,31.5,31.82,31.69,0.13,0.41,58503.24,186661.89
900,300015.SZ,20170406,30.8,32.8,30.8,31.69,30.41,1.28,4.21,113724.07,359104.641
901,300015.SZ,20170405,30.23,30.56,30.18,30.41,30.23,0.18,0.6,25752.05,78233.948
902,300015.SZ,20170331,30.1,30.58,30.1,30.23,30.1,0.13,0.43,17893.86,54178.372
903,300015.SZ,20170330,30.52,30.59,29.98,30.1,30.52,-0.42,-1.38,26979.41,81326.026
904,300015.SZ,20170329,30.77,30.9,30.4,30.52,30.65,-0.13,-0.42,19643.02,60078.438
905,300015.SZ,20170328,30.64,31.13,30.43,30.65,30.69,-0.04,-0.13,23150.91,71130.235
906,300015.SZ,20170327,30.95,31.47,30.68,30.69,30.9,-0.21,-0.68,30963.65,95901.432
907,300015.SZ,20170324,30.6,30.9,30.42,30.9,30.65,0.25,0.82,22644.18,69583.14
908,300015.SZ,20170323,30.66,30.79,30.5,30.65,30.76,-0.11,-0.36,21511.45,65870.912
909,300015.SZ,20170322,30.0,30.77,29.91,30.76,30.11,0.65,2.16,24538.61,74513.284
910,300015.SZ,20170321,30.28,30.35,29.88,30.11,30.25,-0.14,-0.46,26356.19,79139.348
911,300015.SZ,20170320,30.33,30.46,30.01,30.25,30.36,-0.11,-0.36,11669.57,35253.168
912,300015.SZ,20170317,30.64,30.73,30.33,30.36,30.64,-0.28,-0.91,21034.8,64323.896
913,300015.SZ,20170316,30.56,30.79,30.47,30.64,30.65,-0.01,-0.03,21877.1,66882.292
914,300015.SZ,20170315,30.73,30.96,30.46,30.65,30.89,-0.24,-0.78,28674.87,87950.71
915,300015.SZ,20170314,30.23,30.98,30.23,30.89,30.37,0.52,1.71,46813.44,143680.987
916,300015.SZ,20170313,30.17,30.38,29.76,30.37,30.16,0.21,0.7,24263.19,73115.642
917,300015.SZ,20170310,30.4,30.4,30.13,30.16,30.22,-0.06,-0.2,14883.14,44953.094
918,300015.SZ,20170309,30.13,30.41,30.13,30.22,30.3,-0.08,-0.26,13054.71,39498.432
919,300015.SZ,20170308,30.44,30.44,30.12,30.3,30.46,-0.16,-0.53,20508.71,62004.455
920,300015.SZ,20170307,30.42,30.59,30.28,30.46,30.36,0.1,0.33,20590.32,62691.309
921,300015.SZ,20170306,30.0,30.66,29.86,30.36,30.06,0.3,1.0,45461.84,138171.398
922,300015.SZ,20170303,30.88,30.92,29.9,30.06,31.03,-0.97,-3.13,92167.07,278491.945
923,300015.SZ,20170302,31.52,31.65,31.02,31.03,31.48,-0.45,-1.43,16341.1,51038.005
924,300015.SZ,20170301,31.7,31.88,31.44,31.48,31.75,-0.27,-0.85,17744.12,56193.68
925,300015.SZ,20170228,31.39,31.95,31.16,31.75,31.4,0.35,1.11,15754.91,49541.586
926,300015.SZ,20170227,31.45,31.97,31.1,31.4,31.37,0.03,0.1,25709.5,81195.627
927,300015.SZ,20170224,31.41,31.74,31.35,31.37,31.68,-0.31,-0.98,18351.44,57826.471
928,300015.SZ,20170223,31.14,31.99,30.8,31.68,31.17,0.51,1.64,30517.47,95855.38
929,300015.SZ,20170222,31.15,31.75,31.02,31.17,31.23,-0.06,-0.19,21199.97,66459.264
930,300015.SZ,20170221,31.18,31.32,30.78,31.23,31.18,0.05,0.16,25291.41,78557.233
931,300015.SZ,20170220,30.99,31.23,30.58,31.18,31.09,0.09,0.29,43183.65,133482.852
932,300015.SZ,20170217,30.21,31.22,30.15,31.09,30.21,0.88,2.91,59175.06,182405.51
933,300015.SZ,20170216,30.21,30.39,30.14,30.21,30.14,0.07,0.23,17847.79,53997.088
934,300015.SZ,20170215,30.18,30.32,30.12,30.14,30.2,-0.06,-0.2,19919.7,60196.953
935,300015.SZ,20170214,30.54,30.62,30.17,30.2,30.5,-0.3,-0.98,32944.57,99971.105
936,300015.SZ,20170213,30.61,30.74,30.4,30.5,30.54,-0.04,-0.13,26703.73,81531.8
937,300015.SZ,20170210,30.64,30.79,30.48,30.54,30.71,-0.17,-0.55,19222.57,58739.744
938,300015.SZ,20170209,30.9,30.91,30.65,30.71,30.85,-0.14,-0.45,12439.96,38227.037
939,300015.SZ,20170208,30.52,30.86,30.45,30.85,30.55,0.3,0.98,13231.47,40633.402
940,300015.SZ,20170207,30.99,30.99,30.51,30.55,31.1,-0.55,-1.77,18484.34,56752.925
941,300015.SZ,20170206,31.19,31.19,30.44,31.1,31.19,-0.09,-0.29,33093.74,102151.472
942,300015.SZ,20170203,30.67,31.28,30.67,31.19,30.64,0.55,1.8,29247.92,91023.626
943,300015.SZ,20170126,30.55,30.95,30.46,30.64,30.6,0.04,0.13,11883.38,36528.056
944,300015.SZ,20170125,30.46,30.67,30.32,30.6,30.47,0.13,0.43,9397.39,28738.544
945,300015.SZ,20170124,30.43,30.55,30.22,30.47,30.35,0.12,0.4,14856.19,45198.522
946,300015.SZ,20170123,29.98,30.42,29.9,30.35,29.98,0.37,1.23,16574.86,50210.091
947,300015.SZ,20170120,29.66,30.18,29.6,29.98,29.76,0.22,0.74,17083.09,51272.796
948,300015.SZ,20170119,29.51,29.83,29.38,29.76,29.52,0.24,0.81,14748.82,43690.94
949,300015.SZ,20170118,29.73,29.93,29.52,29.52,29.76,-0.24,-0.81,12220.38,36336.152
950,300015.SZ,20170117,29.59,29.94,29.2,29.76,29.62,0.14,0.47,15519.84,45798.638
951,300015.SZ,20170116,29.61,29.87,28.89,29.62,29.74,-0.12,-0.4,31742.76,93694.438
952,300015.SZ,20170113,29.95,30.11,29.7,29.74,29.97,-0.23,-0.77,27092.65,80845.66
953,300015.SZ,20170112,30.18,30.38,29.95,29.97,30.4,-0.43,-1.41,20089.07,60383.845
954,300015.SZ,20170111,30.81,30.81,30.01,30.4,30.72,-0.32,-1.04,23106.04,70086.292
955,300015.SZ,20170110,31.24,31.24,30.71,30.72,31.13,-0.41,-1.32,13820.82,42605.938
956,300015.SZ,20170109,31.12,31.39,31.0,31.13,31.31,-0.18,-0.57,19428.43,60444.776
957,300015.SZ,20170106,30.87,31.37,30.78,31.31,30.87,0.44,1.43,31765.93,98741.748
958,300015.SZ,20170105,30.8,31.0,30.78,30.87,31.09,-0.22,-0.71,15838.85,48865.062
959,300015.SZ,20170104,30.26,31.3,30.18,31.09,29.98,1.11,3.7,46231.38,142666.715
960,300015.SZ,20170103,30.0,30.0,29.75,29.98,29.9,0.08,0.27,23610.48,70604.226
